Date,Daily_Returns_Nvidia
2013-04-01,-0.03273566431798103
2013-04-02,-0.010475277917224912
2013-04-03,-0.012214992768456057
2013-04-04,0.00989259813120813
2013-04-05,0.017142421324268353
2013-04-08,-0.002407444364774025
2013-04-09,0.016090260677206203
2013-04-10,0.015835301355293208
2013-04-11,-0.004676672087120748
2013-04-12,0.025059070749910983
2013-04-15,-0.02062646468707552
2013-04-16,0.010920291140492422
2013-04-17,-0.013117207053663593
2013-04-18,-0.019546725700287038
2013-04-19,0.0023923307868083388
2013-04-22,0.001590999121965142
2013-04-23,0.026211539046487875
2013-04-24,0.034055765687546424
2013-04-25,0.008233484213942432
2013-04-26,-0.004454088180991578
2013-04-29,0.011931091718970777
2013-04-30,0.014738231994732232
2013-05-01,-0.008714547568247522
2013-05-02,0.011721920792925111
2013-05-03,0.004344428575347559
2013-05-06,-0.002883979505321377
2013-05-07,-0.013015184220745546
2013-05-08,0.018315064050299146
2013-05-09,0.0007195680405427396
2013-05-10,0.04529118524521669
2013-05-13,-0.020633038564207284
2013-05-14,0.014747396472835517
2013-05-15,0.01730100831425485
2013-05-16,-0.0047618771573981755
2013-05-17,0.01640469278552681
2013-05-20,-0.0020175420729776627
2013-05-21,0.01049788560370235
2013-05-22,-0.03485249845902194
2013-05-23,0.01597213236813011
2013-05-24,-0.006151617857901415
2013-05-28,-0.0006882121952943576
2013-05-29,-0.006193886947203908
2013-05-30,0.013158029703136398
2013-05-31,-0.010936395717774605
2013-06-03,-0.00138223596645759
2013-06-04,0.0013841491872470524
2013-06-05,-0.021423669160197778
2013-06-06,0.006356019321340778
2013-06-07,0.014034968245713264
2013-06-10,-0.0006921452856146759
2013-06-11,-0.018698107530919272
2013-06-12,-0.008468496979295748
2013-06-13,0.022776017842285112
2013-06-14,-0.0013918547352916866
2013-06-17,0.009755922203761758
2013-06-18,-0.006210983959076266
2013-06-19,0.030555451513975207
2013-06-20,-0.026954295342417667
2013-06-21,-0.0013849664012300922
2013-06-24,-0.0208042996478236
2013-06-25,0.007082201238083119
2013-06-26,-0.005626075151157761
2013-06-27,-0.009193638269900939
2013-06-28,0.0021412109949183744
2013-07-01,0.004273490281896608
2013-07-02,-0.0007091813226459687
2013-07-03,0.00283881096906069
2013-07-05,0.0077847214350323934
2013-07-08,-0.004915679306838006
2013-07-09,0.004939962578662582
2013-07-10,0.013342978277856687
2013-07-11,0.013859967255393846
2013-07-12,0.0006834199990140011
2013-07-15,-0.0020489295398494756
2013-07-16,0.005475542787632515
2013-07-17,-0.005445724490176995
2013-07-18,-0.004106901803033303
2013-07-19,-0.021306086801457735
2013-07-22,-0.0007020656885856624
2013-07-23,-0.0014056203565929737
2013-07-24,0.0
2013-07-25,0.0035188175507836483
2013-07-26,-0.0042074165001357855
2013-07-29,-0.0021129924758678253
2013-07-30,0.016937426491870466
2013-07-31,0.002081703347419639
2013-08-01,0.013850442162797183
2013-08-02,0.008196625228494181
2013-08-05,0.004742428844708435
2013-08-06,-0.014834336602499332
2013-08-07,-0.0006843554512009353
2013-08-08,0.006849010765689778
2013-08-09,-0.014285771862934005
2013-08-12,-0.00828133544438503
2013-08-13,0.0034792814105644165
2013-08-14,0.042302184570472745
2013-08-15,0.006653407336201234
2013-08-16,0.003965686261271584
2013-08-19,-0.015799683368820205
2013-08-20,0.005041901281226391
2013-08-21,-0.004682190164456923
2013-08-22,0.005376403210022529
2013-08-23,0.0
2013-08-26,0.0020053695285877637
2013-08-27,-0.012675390717700075
2013-08-28,0.0
2013-08-29,-0.0020266376734301428
2013-08-30,-0.001354386023826204
2013-09-03,0.0006779736230431155
2013-09-04,0.009485200007188999
2013-09-05,0.002684320388836259
2013-09-06,-0.004015837215660789
2013-09-09,0.016801191726574016
2013-09-10,0.0211499273322453
2013-09-11,0.016828203349654958
2013-09-12,-0.0006360915306728998
2013-09-13,0.006369171926080774
2013-09-16,0.0006331757051967202
2013-09-17,0.003162139493243732
2013-09-18,0.008827593667177336
2013-09-19,-0.0043753016170708925
2013-09-20,-0.008788228580586921
2013-09-23,-0.009499658558649537
2013-09-24,0.003836424004427297
2013-09-25,0.001273640173539814
2013-09-26,-0.0031806967429522937
2013-09-27,-0.005743457679570407
2013-09-30,-0.0012835808120977843
2013-10-01,-0.000642876533478054
2013-10-02,-0.0006430940044082067
2013-10-03,-0.010295667620580873
2013-10-04,0.013653781620116767
2013-10-07,0.0
2013-10-08,-0.008338706407203134
2013-10-09,-0.015523646032285732
2013-10-10,0.011169167925170198
2013-10-11,-0.008446676081067195
2013-10-14,0.015071914489204197
2013-10-15,-0.005164613653290795
2013-10-16,0.01232972591785697
2013-10-17,0.001922967667821629
2013-10-18,0.011516572142086678
2013-10-21,0.0025298144534873224
2013-10-22,-0.005047310156442775
2013-10-23,-0.017121111384092225
2013-10-24,-0.007096983518075306
2013-10-25,-0.009746499995278102
2013-10-28,-0.0019685258611025214
2013-10-29,0.001315005888425258
2013-10-30,-0.0006564058868049338
2013-10-31,-0.001971178904285553
2013-11-01,0.004608412410154639
2013-11-04,-0.028833664987117813
2013-11-05,-0.0013497482175381936
2013-11-06,0.006756969738881624
2013-11-07,-0.023489918007218225
2013-11-08,0.06941580045472118
2013-11-11,0.008354978106141386
2013-11-12,0.0019117425573573765
2013-11-13,0.02735347475036276
2013-11-14,0.004334540018927857
2013-11-15,-0.0030825855846106087
2013-11-18,-0.024118690942077525
2013-11-19,-0.016247244661794946
2013-11-20,-0.014896435137414343
2013-11-21,0.007889672197904485
2013-11-22,-0.00978482472493536
2013-11-25,0.02173927665248021
2013-11-26,0.008381734533281948
2013-11-27,0.0038363774730685307
2013-11-29,-0.0063695694726323415
2013-12-02,0.009615277444051218
2013-12-03,-0.0006350377149116904
2013-12-04,0.01397733104786858
2013-12-05,-0.016290562515098528
2013-12-06,-0.014649868132320942
2013-12-09,-0.01680681494200198
2013-12-10,0.023011233750580562
2013-12-11,-0.00964006115814564
2013-12-12,-0.019467793031731406
2013-12-13,-0.005956213521303155
2013-12-16,0.0013312646906875614
2013-12-17,0.004654441587994773
2013-12-18,0.013897898452406743
2013-12-19,0.003916775482482038
2013-12-20,0.020156076857555938
2013-12-23,0.0057359049571386045
2013-12-24,0.002535001125891334
2013-12-26,-0.009481881316286023
2013-12-27,0.005743485598385556
2013-12-30,0.013325084492885608
2013-12-31,0.003130623999821669
2014-01-02,-0.009987527186077427
2014-01-03,-0.011979801632877485
2014-01-06,0.013401358876565794
2014-01-07,0.01637282346968494
2014-01-08,0.01363092707415503
2014-01-09,-0.037286258196027156
2014-01-10,-0.0012700112457002533
2014-01-13,-0.023521646951008335
2014-01-14,0.031249901279314818
2014-01-15,0.010732578872689524
2014-01-16,0.003122802271941838
2014-01-17,-0.004358640345921594
2014-01-21,0.003752341538755255
2014-01-22,-0.0012461466920931086
2014-01-23,-0.003742726155594789
2014-01-24,-0.025673370275586915
2014-01-27,-0.006426880686393299
2014-01-28,0.0097025482135904
2014-01-29,-0.009609313387152207
2014-01-30,0.016817689207994535
2014-01-31,-0.0012719848236391051
2014-02-03,-0.013376005748606645
2014-02-04,0.005810227135307322
2014-02-05,-0.008985913648776878
2014-02-06,0.012953530031060367
2014-02-07,0.014705876649805827
2014-02-10,0.003150478320563588
2014-02-11,0.02072878134178535
2014-02-12,0.035691977045546386
2014-02-13,0.031491909495913406
2014-02-14,0.03168121911690247
2014-02-18,-0.0005577731519319507
2014-02-19,0.013407693387665232
2014-02-20,0.03528107475041797
2014-02-21,-0.0074546066624874285
2014-02-24,0.014485044702489125
2014-02-25,-0.0045152096844517375
2014-02-26,-0.0016011473958854605
2014-02-27,-0.011223747205089563
2014-02-28,-0.006486371222357845
2014-03-03,-0.0048968677041949515
2014-03-04,0.010388080343849193
2014-03-05,0.008658038361552212
2014-03-06,-0.0139481808711156
2014-03-07,-0.0010888133544167955
2014-03-10,-0.014705300373809904
2014-03-11,0.009950182885275938
2014-03-12,0.0027364947265191564
2014-03-13,-0.031659127418962485
2014-03-14,0.004509653981515704
2014-03-17,0.0
2014-03-18,0.02356894180620861
2014-03-19,0.01754391579008696
2014-03-20,0.000538530466824394
2014-03-21,-0.001615480519559398
2014-03-24,-0.004854174998686456
2014-03-25,0.0
2014-03-26,-0.0227645864864906
2014-03-27,-0.013311027911062423
2014-03-28,0.006183178297555658
2014-03-31,0.0005584995376384239
2014-04-01,0.04131792104210641
2014-04-02,-0.00643409571055964
2014-04-03,0.010793152869960743
2014-04-04,-0.030966320977380724
2014-04-07,0.0033056159430735477
2014-04-08,0.03569497097151664
2014-04-09,-0.0010605688546422298
2014-04-10,-0.024415883544744665
2014-04-11,-0.014146032177101087
2014-04-14,0.011037369683294385
2014-04-15,0.007096348487488635
2014-04-16,0.0021676194956155026
2014-04-17,0.003786272365164489
2014-04-21,0.008081644081679107
2014-04-22,0.008551820880462024
2014-04-23,0.011658367653602841
2014-04-24,0.008905487292500291
2014-04-25,-0.027518345354565432
2014-04-28,-0.004271290796372007
2014-04-29,0.002145130251074212
2014-04-30,-0.01177161572912977
2014-05-01,0.005414491313297853
2014-05-02,-0.007538620064235557
2014-05-05,0.010851494784806404
2014-05-06,-0.020397209730851906
2014-05-07,0.0010960181609480646
2014-05-08,0.012588977390428413
2014-05-09,-0.024324436059959265
2014-05-12,0.029362845673505777
2014-05-13,-0.016146434434229695
2014-05-14,-0.009846874235117098
2014-05-15,-0.0055248391470503755
2014-05-16,-0.002222145937950115
2014-05-19,0.03229394021304266
2014-05-20,-0.011650063421054568
2014-05-21,0.0
2014-05-22,0.004386357060932156
2014-05-23,0.00927934513201567
2014-05-27,0.01784704455763686
2014-05-28,0.008501929817987364
2014-05-29,-0.0015805147328926683
2014-05-30,0.0026384669149717155
2014-06-02,-0.0031582291688524444
2014-06-03,-0.004223714152007618
2014-06-04,0.0010604870676984568
2014-06-05,0.004237348388330453
2014-06-06,0.003691969356411251
2014-06-09,0.0010510133651251419
2014-06-10,0.005249549478962612
2014-06-11,0.013054763635983235
2014-06-12,0.006185292114162966
2014-06-13,0.001024527803223263
2014-06-16,-0.0030705401933988075
2014-06-17,0.006673722058693432
2014-06-18,-0.0010198255017470625
2014-06-19,-0.022971032731037067
2014-06-20,-0.010971849999952932
2014-06-23,-0.011621690930206263
2014-06-24,-0.015499857528822658
2014-06-25,0.01031522576398336
2014-06-26,-0.013434214464269956
2014-06-27,0.0010896950163421515
2014-06-30,0.00870469188091838
2014-07-01,0.011327362861504042
2014-07-02,-0.0037332120059021534
2014-07-03,0.009100406820897078
2014-07-07,-0.007957605635434573
2014-07-08,-0.008021115653651822
2014-07-09,0.03018834259724068
2014-07-10,-0.0052326484722461375
2014-07-11,0.002104027087188154
2014-07-14,0.01259818256106282
2014-07-15,0.004147182284084838
2014-07-16,-0.0010323584005799136
2014-07-17,-0.0025839255519651827
2014-07-18,-0.04455946544129552
2014-07-21,0.005965471841160586
2014-07-22,-0.004313052389103067
2014-07-23,-0.021115121937038683
2014-07-24,0.0016595231596896465
2014-07-25,-0.017670261542571786
2014-07-28,-0.00393444291921341
2014-07-29,0.0033856843384427737
2014-07-30,0.016873103704102776
2014-07-31,-0.03207979274576944
2014-08-01,0.010857282986570294
2014-08-04,-0.002261252978328132
2014-08-05,0.0005666512139186342
2014-08-06,-0.0011327740519072593
2014-08-07,-0.010204256632766806
2014-08-08,0.08820211194409877
2014-08-11,-0.0052633637929708765
2014-08-12,0.0
2014-08-13,0.005820387713487696
2014-08-14,-0.011046669163029543
2014-08-15,0.0127658145999614
2014-08-18,0.013655258698292982
2014-08-19,0.008066568001115382
2014-08-20,-0.006195085040311299
2014-08-21,-0.009350658662878875
2014-08-22,0.0005249712803367945
2014-08-25,0.0015717875683365357
2014-08-26,0.017791621527596835
2014-08-27,-0.011310906508245178
2014-08-28,0.00832000620699369
2014-08-29,0.0030945538341986545
2014-09-02,0.0025708050769195356
2014-09-03,0.00923088033376085
2014-09-04,0.017784505927780137
2014-09-05,-0.0029955757971497077
2014-09-08,-0.009013528933267012
2014-09-09,-0.012632481401225415
2014-09-10,0.003582324246842239
2014-09-11,-0.010199011376684997
2014-09-12,-0.014940738741779036
2014-09-15,-0.013598328324078146
2014-09-16,0.014846579283745553
2014-09-17,0.0005223216425827015
2014-09-18,0.015143794700182234
2014-09-19,-0.01851832470724979
2014-09-22,-0.009958557497316889
2014-09-23,-0.004234931522109742
2014-09-24,0.005847928411099712
2014-09-25,-0.021670424753018502
2014-09-26,0.0021608287185472808
2014-09-29,-0.0016164820305758498
2014-09-30,-0.0037801600725142492
2014-10-01,-0.009755998414650247
2014-10-02,-0.0043785361005143075
2014-10-03,0.002198621853380045
2014-10-06,-0.006033875969306046
2014-10-07,-0.010485397093189741
2014-10-08,0.018404603581643864
2014-10-09,-0.019167857345725126
2014-10-10,-0.059184968786505476
2014-10-13,-0.00356067777766067
2014-10-14,0.02322847601476452
2014-10-15,0.015133643987950807
2014-10-16,0.000573579367429522
2014-10-17,-0.0017190658450570995
2014-10-20,0.008610703126887609
2014-10-21,0.04268607303590377
2014-10-22,-0.023471563777217264
2014-10-23,0.022359044984453513
2014-10-24,0.010387939119775647
2014-10-27,0.0005413000613510022
2014-10-28,0.023797089607731525
2014-10-29,-0.006339393530684911
2014-10-30,-0.0063797317908242945
2014-10-31,0.04547900937191662
2014-11-03,0.016888464595391284
2014-11-04,0.013085051833059635
2014-11-05,0.0
2014-11-06,0.00447049646728126
2014-11-07,-0.021265830526799645
2014-11-10,0.011622350560959172
2014-11-11,-0.01198808624025316
2014-11-12,-0.006572395274288989
2014-11-13,-0.0050889725123615115
2014-11-14,0.012275985882499008
2014-11-17,-0.0045474030253731534
2014-11-18,0.023857449650023232
2014-11-19,-0.0037338823842377744
2014-11-20,0.01649156988349887
2014-11-21,0.005408101146266331
2014-11-24,0.006357180660502948
2014-11-25,-0.00048614008536262965
2014-11-26,0.017015260655141473
2014-11-28,0.0023898666085855336
2014-12-01,-0.018597766642627023
2014-12-02,0.001457358604124659
2014-12-03,0.02571597940732495
2014-12-04,-0.008987660417763665
2014-12-05,0.005727902493588344
2014-12-08,-0.01281440465252992
2014-12-09,-0.003365650710296042
2014-12-10,-0.022189906854898078
2014-12-11,-0.0004936729413823615
2014-12-12,-0.031095776619422977
2014-12-15,-0.003056182085474979
2014-12-16,-0.011241875970227522
2014-12-17,0.04082672548581634
2014-12-18,0.003972115896313966
2014-12-19,0.009891689161843464
2014-12-22,0.01762932077200907
2014-12-23,-0.00625565265499628
2014-12-24,-0.003874206315770068
2014-12-26,0.0009725599434695642
2014-12-29,-0.0014572295506010136
2014-12-30,-0.009241204350438736
2014-12-31,-0.015709547760939246
2015-01-02,0.003990341550649923
2015-01-05,-0.016890364486049525
2015-01-06,-0.030318234319026804
2015-01-07,-0.0026055227394039537
2015-01-08,0.03761731250028544
2015-01-09,0.0040280167945547785
2015-01-12,-0.012537513726477711
2015-01-13,-0.0015234343791384886
2015-01-14,0.004068993150755595
2015-01-15,-0.007092057284238007
2015-01-16,0.018367181072857175
2015-01-20,0.00300644975620612
2015-01-21,0.013985630314246933
2015-01-22,0.017241573313500735
2015-01-23,0.002905510456836513
2015-01-26,-0.004345399614584133
2015-01-27,-0.04801224811683946
2015-01-28,-0.016301054374724733
2015-01-29,0.02433979162537203
2015-01-30,-0.029322753635005583
2015-02-02,0.021874765619382952
2015-02-03,0.024974574519284864
2015-02-04,0.002486719945574034
2015-02-05,0.016368467468045322
2015-02-06,-0.0043921540496486555
2015-02-09,-0.0009804698582923654
2015-02-10,0.027968866283138105
2015-02-11,-0.006682631916917536
2015-02-12,0.07160003535361148
2015-02-13,0.00044846604127846135
2015-02-17,0.0031373208887488513
2015-02-18,-0.011617285710304626
2015-02-19,0.0027125128754117434
2015-02-20,0.007213650889314582
2015-02-23,-0.008057401875543824
2015-02-24,0.010645645825987149
2015-02-25,-0.007619921663395202
2015-02-26,0.0027100343660668713
2015-02-27,-0.006306234040562075
2015-03-02,0.024478309674462295
2015-03-03,-0.018584126115850363
2015-03-04,0.011271806709487686
2015-03-05,0.01917071597513509
2015-03-06,-0.013560927840110981
2015-03-09,0.002660849095592166
2015-03-10,0.017249226682306773
2015-03-11,-0.005217490348343956
2015-03-12,-0.009178345490240769
2015-03-13,0.0013235128285784548
2015-03-16,0.011894040663315453
2015-03-17,0.012189931490264483
2015-03-18,-0.01634412774923999
2015-03-19,0.015304104315554623
2015-03-20,0.010766265372344819
2015-03-23,-0.0323819356170183
2015-03-24,-0.013650239279096699
2015-03-25,-0.06071418697175823
2015-03-26,-0.0033270989998860356
2015-03-27,0.019551699725868676
2015-03-30,0.004209460768862083
2015-03-31,-0.025151169390724704
2015-04-01,0.003821896665851865
2015-04-02,0.0023802971854010035
2015-04-06,0.028964747869090868
2015-04-07,0.008767813773370214
2015-04-08,0.00731950556905514
2015-04-09,0.023160641502109724
2015-04-10,0.010208637637538542
2015-04-13,-0.009226911465778032
2015-04-14,-0.008425656534352233
2015-04-15,0.012075432762516769
2015-04-16,-0.006186755574410285
2015-04-17,-0.012894567020472203
2015-04-20,-0.004955057331425983
2015-04-21,-0.0013579052072888453
2015-04-22,0.011332668705397175
2015-04-23,-0.004033898798131541
2015-04-24,-0.00855105450063931
2015-04-27,0.007716770679037754
2015-04-28,0.004954968203674692
2015-04-29,-0.007619921663395202
2015-04-30,0.0027100343660668713
2015-05-01,0.024774751890622504
2015-05-04,-0.006153862745621574
2015-05-05,-0.025652348289319837
2015-05-06,0.003177403993485761
2015-05-07,0.01764710780228218
2015-05-08,-0.07381025591622337
2015-05-11,-0.009601559046975905
2015-05-12,0.009694642731602698
2015-05-13,0.005760650459080585
2015-05-14,0.016229159862645837
2015-05-15,0.0004697053087108216
2015-05-18,-0.001408640155050711
2015-05-19,-0.006234518356944885
2015-05-20,0.0
2015-05-21,-0.007129398937058551
2015-05-22,-0.001435986456038929
2015-05-26,-0.006231839655041371
2015-05-27,0.05354546250022918
2015-05-28,0.013736226326650502
2015-05-29,-0.0004515483946725407
2015-06-01,0.011296746492867271
2015-06-02,-0.01966034674985706
2015-06-03,-0.010939091846844606
2015-06-04,0.017972549068725696
2015-06-05,0.007695480376400221
2015-06-08,-0.022911109880283997
2015-06-09,0.0050577277677621435
2015-06-10,-0.017840910923563214
2015-06-11,0.010712646959481376
2015-06-12,-0.027188812691767206
2015-06-15,-0.0018948812083949829
2015-06-16,0.012339736998552953
2015-06-17,0.011720812764409061
2015-06-18,0.01668204802268658
2015-06-19,-0.003190729290444283
2015-06-22,-0.004114918739518081
2015-06-23,-0.025711812124136535
2015-06-24,-0.009896696748093015
2015-06-25,0.007616166077904163
2015-06-26,-0.0203118147502358
2015-06-29,-0.029894240438953945
2015-06-30,-0.0004970785621997154
2015-07-01,0.014420880395894065
2015-07-02,0.0009806082474395073
2015-07-06,-0.012243135474161226
2015-07-07,-0.01884001067465857
2015-07-08,-0.0070743476276941
2015-07-09,-0.012213428597287912
2015-07-10,0.0175165448240151
2015-07-13,0.006582284136162686
2015-07-14,0.0005026832227839062
2015-07-15,-0.0070383861380628465
2015-07-16,0.022278607546640794
2015-07-17,-0.005943480744558305
2015-07-20,-0.0184354657132898
2015-07-21,0.004568284881660389
2015-07-22,-0.01920137418535872
2015-07-23,0.012364440812294264
2015-07-24,-0.011704460566554165
2015-07-27,-0.005664547895469441
2015-07-28,0.02175039199153117
2015-07-29,0.012164204633991371
2015-07-30,0.0025033709655912784
2015-07-31,-0.0034961447276813384
2015-08-03,0.01704320691912531
2015-08-04,0.003942531603056132
2015-08-05,0.01030918066649611
2015-08-06,-0.0063168169964351595
2015-08-07,0.1237162489873107
2015-08-10,0.034812929921784974
2015-08-11,-0.00504621041011144
2015-08-12,0.002535652171886227
2015-08-13,-0.008431488272887089
2015-08-14,0.0008503601448970333
2015-08-17,-0.006372407852174633
2015-08-18,-0.009101557007036853
2015-08-19,-0.0038995062840438965
2015-08-20,-0.036102593659057325
2015-08-21,-0.031137333327668992
2015-08-24,-0.035398188051686486
2015-08-25,-0.0207629208095802
2015-08-26,0.07544381659594146
2015-08-27,0.03759743727698006
2015-08-28,0.004418702120976947
2015-08-31,-0.010998546004073906
2015-09-01,-0.040925149542303974
2015-09-02,0.03014839317518936
2015-09-03,0.002701621794318765
2015-09-04,-0.023350177451978205
2015-09-08,0.04275889008999645
2015-09-09,-0.01984149014826253
2015-09-10,0.015744844238442246
2015-09-11,0.003099896777233102
2015-09-14,0.0017660934136647377
2015-09-15,0.01101775954099593
2015-09-16,0.0069750696660559885
2015-09-17,0.009090856605200592
2015-09-18,-0.0008577916127584517
2015-09-21,0.010304526089147448
2015-09-22,-0.027199107935741096
2015-09-23,0.004805576202604245
2015-09-24,0.019130457620807118
2015-09-25,0.00725242179697605
2015-09-28,-0.013130192198408164
2015-09-29,0.017596697662555894
2015-09-30,0.03964606191352216
2015-10-01,-0.01947295464516341
2015-10-02,0.02606562886908126
2015-10-05,0.02499982997078809
2015-10-06,0.012981785518809241
2015-10-07,0.010485508592523507
2015-10-08,0.0057649358216256275
2015-10-09,-0.0038211363164731837
2015-10-12,0.010740101167386662
2015-10-13,0.0018975543922421512
2015-10-14,0.03636390786142929
2015-10-15,0.002558320994769492
2015-10-16,0.015676339821651286
2015-10-19,-0.0017950593945090798
2015-10-20,-0.0014381221701427194
2015-10-21,-0.012963858859357247
2015-10-22,0.03611824335637426
2015-10-23,0.006690340920862292
2015-10-26,-0.004547273374979288
2015-10-27,-0.0007023627560295287
2015-10-28,0.008087124404206447
2015-10-29,-0.034530689286663696
2015-10-30,0.024927435597210446
2015-11-02,0.011631831409235405
2015-11-03,-0.006968378482361204
2015-11-04,-0.016491094228306302
2015-11-05,-0.011416772438422651
2015-11-06,0.13857827809578493
2015-11-09,-0.00443725195478728
2015-11-10,-0.019102283943213005
2015-11-11,-0.009737016340778615
2015-11-12,-0.0036053639093083234
2015-11-13,-0.01973667402572099
2015-11-16,0.020134053271966268
2015-11-17,0.0
2015-11-18,0.024599778841277953
2015-11-19,0.0029002962633017937
2015-11-20,0.008676040534063567
2015-11-23,-0.014972802356319925
2015-11-24,0.008085215581420613
2015-11-25,-0.0012833217504450989
2015-11-27,0.008352153168667886
2015-11-30,0.010512749809687971
2015-12-01,0.03247164624991328
2015-12-02,-0.007633731242307706
2015-12-03,-0.002153381947097577
2015-12-04,0.040702696033068086
2015-12-07,-0.018962810300111155
2015-12-08,0.01359090062553836
2015-12-09,-0.025327723761664034
2015-12-10,0.00825430829281193
2015-12-11,-0.01485712911266479
2015-12-14,0.0024625459859370924
2015-12-15,0.012280864040892459
2015-12-16,0.006066114856167815
2015-12-17,-0.01507414197083845
2015-12-18,-0.01622268588834397
2015-12-21,0.023646855085176277
2015-12-22,0.0009114789333630746
2015-12-23,0.00394839988522544
2015-12-24,0.003326859514828806
2015-12-28,-0.0009047666002581778
2015-12-29,0.016294769168147427
2015-12-30,-0.008610275478692864
2015-12-31,-0.012878310087086953
2016-01-04,-0.017900653922706344
2016-01-05,0.016064113279525838
2016-01-06,-0.04134965877443941
2016-01-07,-0.03964490400952869
2016-01-08,-0.02146626662239315
2016-01-11,0.001687774341636139
2016-01-12,0.01684627738966693
2016-01-13,-0.03048398009612696
2016-01-14,-0.02016397103229184
2016-01-15,-0.05441232744100721
2016-01-19,0.008115137965777786
2016-01-20,0.005488719831790334
2016-01-21,0.011644734699728154
2016-01-22,0.023381096252181877
2016-01-25,-0.0010543914342182603
2016-01-26,0.00985235932687245
2016-01-27,-0.011846786723255232
2016-01-28,-0.010930871594759695
2016-01-29,0.04420677384203331
2016-02-01,0.0003414064598665778
2016-02-02,-0.042320819613328786
2016-02-03,0.004989276116635466
2016-02-04,0.00035467196653793387
2016-02-05,-0.06309842227971485
2016-02-08,-0.04578112104635801
2016-02-09,0.010705802511028262
2016-02-10,-0.002353816086387517
2016-02-11,-0.005112351647183155
2016-02-12,0.016996321358531796
2016-02-16,0.04897005699192136
2016-02-17,0.024824007068311893
2016-02-18,0.08604476276143314
2016-02-19,0.013315437366087535
2016-02-22,0.035479746857217886
2016-02-23,0.002538019304790806
2016-02-24,0.006962254676854851
2016-02-25,0.0021998290413660637
2016-02-26,-0.006585307588938494
2016-02-29,-0.006494449232442245
2016-03-01,0.04432382891096154
2016-03-02,0.005802105682637171
2016-03-03,-0.008804367444726457
2016-03-04,-0.003062756730289662
2016-03-07,-0.006451566600130132
2016-03-08,-0.018243701306276727
2016-03-09,-0.0006298904574324471
2016-03-10,-0.0015759947657856266
2016-03-11,0.01704560712458658
2016-03-14,0.0024828689114335667
2016-03-15,-0.004953860980532188
2016-03-16,0.029869447382817826
2016-03-17,-0.008458920678327542
2016-03-18,0.030164155043372665
2016-03-21,0.0029583097018255344
2016-03-22,-0.0017697044238821347
2016-03-23,0.01713444209657955
2016-03-24,0.0014525749817622113
2016-03-28,0.010150566377009618
2016-03-29,0.016078088430212967
2016-03-30,0.01045494121667212
2016-03-31,-0.0036352502996348512
2016-04-01,0.014594382067164569
2016-04-04,-0.009681971773068287
2016-04-05,-0.001396443745014131
2016-04-06,0.0013983965270973897
2016-04-07,-0.010335423829921031
2016-04-08,0.006491714665222137
2016-04-11,0.006169458836754904
2016-04-12,-0.0011144472184450027
2016-04-13,0.02511129475404883
2016-04-14,0.002721748939086943
2016-04-15,0.00787178466892735
2016-04-18,-0.004308869080993705
2016-04-19,-0.017852437514783603
2016-04-20,0.0038558738086240663
2016-04-21,-0.0010976602510796019
2016-04-22,-0.0038450700987172626
2016-04-25,0.004963019690412684
2016-04-26,0.0008228179169000871
2016-04-27,0.022752281514550443
2016-04-28,-0.029750871631006537
2016-04-29,-0.018508270862366616
2016-05-02,0.013227967797271756
2016-05-03,-0.011944215910861922
2016-05-04,-0.022771955023533463
2016-05-05,0.006041663936391828
2016-05-06,0.010294144335576405
2016-05-09,-0.0014150211994200523
2016-05-10,0.019274537703439565
2016-05-11,0.0027807853718324615
2016-05-12,-0.01358863509323427
2016-05-13,0.1520945660387023
2016-05-16,0.029526556399909865
2016-05-17,0.002133264230190335
2016-05-18,0.025544032594990496
2016-05-19,0.004381816619385193
2016-05-20,0.017910511811287666
2016-05-23,0.0015789230071048266
2016-05-24,0.024274820218832982
2016-05-25,-0.004188981102198008
2016-05-26,0.01062659540142663
2016-05-27,0.005476525893486128
2016-05-31,0.01786469547628111
2016-06-01,0.0019264196788724153
2016-06-02,0.007050151222222079
2016-06-03,-0.014001012458845663
2016-06-06,-0.005163337040190341
2016-06-07,0.0019463322911181802
2016-06-08,-0.003237837197173632
2016-06-09,0.02598515686506353
2016-06-10,-0.024904918314418656
2016-06-13,0.01277059166283645
2016-06-14,0.0019235372369121873
2016-06-15,0.010238976551324663
2016-06-16,0.0040117535975610075
2016-06-17,-0.017455575392385403
2016-06-20,0.01797980617438455
2016-06-21,-0.006097698391987039
2016-06-22,-0.0008461057038154918
2016-06-23,0.02667790062094544
2016-06-24,-0.05691915536222869
2016-06-27,-0.010714711228116847
2016-06-28,0.014588687279958545
2016-06-29,0.016339752325339463
2016-06-30,0.007717157274404807
2016-07-01,-0.007445176640586859
2016-07-05,0.014788066510303066
2016-07-06,0.006335520463563782
2016-07-07,0.026023118004839363
2016-07-08,0.04009008851576357
2016-07-11,0.02300859638680186
2016-07-12,0.014994420092355742
2016-07-13,-0.0003787812203065455
2016-07-14,0.010231115402157931
2016-07-15,-0.011627921373859151
2016-07-18,0.005123323494335752
2016-07-19,0.010383200486451027
2016-07-20,0.013079211684588143
2016-07-21,-0.018443414625551546
2016-07-22,0.027245432102080525
2016-07-25,0.018474444569385406
2016-07-26,0.017061832841046565
2016-07-27,-0.010065228959683092
2016-07-28,0.0021403874726164673
2016-07-29,0.016376133109903712
2016-08-01,-0.0064799497861360855
2016-08-02,-0.012162869001729248
2016-08-03,0.002676543303641976
2016-08-04,0.018508723751184952
2016-08-05,0.016949195096445546
2016-08-08,0.009278387868013827
2016-08-09,0.0025535812415011794
2016-08-10,-0.006452793083503661
2016-08-11,0.020338380527827438
2016-08-12,0.05594626897594224
2016-08-15,-0.0009515753663768001
2016-08-16,-0.006033802464650462
2016-08-17,-0.023162847135630882
2016-08-18,0.015535487476502574
2016-08-19,0.0025764447413887392
2016-08-22,0.004176150688475655
2016-08-23,0.008092337119509407
2016-08-24,-0.015418811505816477
2016-08-25,-0.006619408629531476
2016-08-26,0.008126148261792476
2016-08-29,-0.0006447142213759083
2016-08-30,-0.005807546990949652
2016-08-31,-0.004705317176341706
2016-09-01,0.029507528735937205
2016-09-02,-0.00981795521753348
2016-09-06,0.009435556480182683
2016-09-07,-0.014734177628744738
2016-09-08,0.007236168739264803
2016-09-09,-0.04980845685894997
2016-09-12,0.02066563589981074
2016-09-13,-0.014485813441992623
2016-09-14,0.008852456150630461
2016-09-15,0.037913973831102954
2016-09-16,0.002392735019111747
2016-09-19,0.013207925310350976
2016-09-20,-0.009109421301800924
2016-09-21,0.02805486272797908
2016-09-22,0.0024671727432692414
2016-09-23,-0.0010767986612451041
2016-09-26,-0.009391770565931101
2016-09-27,0.034193303473769365
2016-09-28,0.0036070306747322256
2016-09-29,0.009284508015457327
2016-09-30,0.016616947869740883
2016-10-03,-0.0010215694968784828
2016-10-04,-0.0021911057371044595
2016-10-05,-0.0010252002670605442
2016-10-06,-0.013044154076933046
2016-10-07,-0.007276639036867039
2016-10-10,0.003739672759208723
2016-10-11,-0.014455597413529975
2016-10-12,0.004535949143724016
2016-10-13,-0.01625705906448649
2016-10-14,0.009792789983044115
2016-10-17,-0.005757978574990719
2016-10-18,0.015241516516064202
2016-10-19,-0.002101957264392218
2016-10-20,0.018956180198303363
2016-10-21,-0.0028055982851638017
2016-10-24,0.04693541629600717
2016-10-25,0.016404942127646205
2016-10-26,0.004035391494460416
2016-10-27,-0.020510027733472436
2016-10-28,-0.001697820802741612
2016-10-31,0.008502992143494481
2016-11-01,-0.029651291245174294
2016-11-02,-0.004199747471742121
2016-11-03,-0.01163460107426495
2016-11-04,-0.005738907104834934
2016-11-07,0.054757893719937556
2016-11-08,-0.0015434433787758772
2016-11-09,-0.01686325539073774
2016-11-10,-0.03130382112089547
2016-11-11,0.2980675085627751
2016-11-14,-0.04922144291164465
2016-11-15,0.030487780575256584
2016-11-16,0.06311646590102216
2016-11-17,0.008294223605269657
2016-11-18,0.010498817605469446
2016-11-21,-0.004070098634332164
2016-11-22,0.007205852262977652
2016-11-23,0.004919175861923586
2016-11-25,0.00202194658469379
2016-11-28,-0.0005311646316865648
2016-11-29,-0.009138073873835917
2016-11-30,-0.011259823675041303
2016-12-01,-0.04945795533103925
2016-12-02,0.009242096013925893
2016-12-05,0.0387792933101736
2016-12-06,0.01643441345029495
2016-12-07,0.017989258614999004
2016-12-08,-0.016724484474279988
2016-12-09,-0.017758039813696502
2016-12-12,-0.02428670993982318
2016-12-13,0.017636022935556772
2016-12-14,0.05791367514262902
2016-12-15,0.02343193203283822
2016-12-16,0.01722212820365221
2016-12-19,0.012150198886335284
2016-12-20,0.034832194884677925
2016-12-21,0.006275808936712535
2016-12-22,0.012094883326149164
2016-12-23,0.02492744866841967
2016-12-27,0.06868281380119545
2016-12-28,-0.06878616748133226
2016-12-29,0.019954150737139464
2016-12-30,-0.04208909579354969
2017-01-03,-0.044313434606651825
2017-01-04,0.02333107197494
2017-01-05,-0.025385649268188648
2017-01-06,0.013367683580054468
2017-01-09,0.04054282344595572
2017-01-10,-0.0075502692855057285
2017-01-11,-0.01230391809728526
2017-01-12,-0.016355799422076545
2017-01-13,-9.676221505094951e-05
2017-01-17,-0.022430574250632107
2017-01-18,0.018198072557098044
2017-01-19,0.021466454576180682
2017-01-20,-0.010935494663354639
2017-01-23,0.010383597017271429
2017-01-24,0.02131505277219281
2017-01-25,0.004285845961976342
2017-01-26,0.01725579438630831
2017-01-27,0.01933408815804838
2017-01-30,-0.015657180129876935
2017-01-31,-0.007634735563113337
2017-02-01,0.04368901578916806
2017-02-02,0.012637462670749944
2017-02-03,-0.008753227139934872
2017-02-06,0.025616292033200816
2017-02-07,0.015514556716911487
2017-02-08,-0.004365176395609849
2017-02-09,-0.018801164234021783
2017-02-10,-0.023715217053091542
2017-02-13,-0.046118507425875754
2017-02-14,0.0036905708703385276
2017-02-15,0.0020226314404441226
2017-02-16,-0.016055284499033373
2017-02-17,-0.0001863609211975037
2017-02-21,0.0358108507106496
2017-02-22,-0.001532584139670723
2017-02-23,-0.09272280225389273
2017-02-24,0.009652446678506399
2017-02-27,0.029075598491550503
2017-02-28,-0.028062164619113483
2017-03-01,0.01290880498113589
2017-03-02,-0.03687143030886597
2017-03-03,-0.005757573414781336
2017-03-06,-0.007721167680713625
2017-03-07,0.010955346835542334
2017-03-08,-0.0018231085190391072
2017-03-09,-0.00020285043294765437
2017-03-10,0.005885895998210433
2017-03-13,0.02754231950519559
2017-03-14,-0.0006872703026357119
2017-03-15,0.007565248607612984
2017-03-16,0.012286498964106718
2017-03-17,0.021770830773263805
2017-03-20,0.03186565007458264
2017-03-21,-0.03234320947225522
2017-03-22,0.020394330886707612
2017-03-23,-0.009068071883840623
2017-03-24,0.003548535955484766
2017-03-27,0.007257649768023899
2017-03-28,-0.005173097948044436
2017-03-29,-0.003250214153884712
2017-03-30,0.019191566557761552
2017-03-31,-0.004296268845203066
2017-04-03,-0.005049176613939443
2017-04-04,-0.07012363605962213
2017-04-05,-0.007441857039753752
2017-04-06,0.00729770680378361
2017-04-07,-0.004267441036965858
2017-04-10,-0.025515648459319418
2017-04-11,0.0035794352564331167
2017-04-12,-0.008255042097421117
2017-04-13,-0.018703025043961374
2017-04-17,0.03916609364630319
2017-04-18,0.0006046762251374904
2017-04-19,0.003928059215451807
2017-04-20,0.01585102072600275
2017-04-21,0.0041474181499343565
2017-04-24,0.012490393949391443
2017-04-25,0.01738694677188346
2017-04-26,-0.006874246825984587
2017-04-27,0.015573929862761515
2017-04-28,-0.012684794785977505
2017-05-01,0.022435446509645462
2017-05-02,-0.029632315290021194
2017-05-03,0.007441113690343171
2017-05-04,-0.0038371328050196274
2017-05-05,9.655652770512724e-05
2017-05-08,-0.010495135308637993
2017-05-09,0.0016543476407961943
2017-05-10,0.17825924209100763
2017-05-11,0.04295490064020813
2017-05-12,0.010987928356215981
2017-05-15,0.050199443647013675
2017-05-16,0.018613645908548415
2017-05-17,-0.06644245125108927
2017-05-18,0.041888485788977636
2017-05-19,0.023095244790445335
2017-05-22,0.02132298258262688
2017-05-23,-0.013462861784176994
2017-05-24,0.01123840959049427
2017-05-25,-0.00223705940998431
2017-05-26,0.025893179629772112
2017-05-30,0.021361983827469677
2017-05-31,-0.0035891813418865715
2017-06-01,6.92322475461804e-05
2017-06-02,-0.004987586672077882
2017-06-05,0.030423289099961393
2017-06-06,-0.004526780450678558
2017-06-07,0.01208101956928087
2017-06-08,0.07255942250861547
2017-06-09,-0.06464966390530413
2017-06-12,0.0024733499255826796
2017-06-13,0.00953518312528323
2017-06-14,0.002113799954069462
2017-06-15,0.004284042613192707
2017-06-16,-0.004922156832253721
2017-06-19,0.037593942067984054
2017-06-20,-0.0014617508845812255
2017-06-21,0.015150305432816369
2017-06-22,-0.0068978449646506235
2017-06-23,-0.02866685965038218
2017-06-26,-0.010921366203499039
2017-06-27,-0.03660870417097495
2017-06-28,0.03527077227827524
2017-06-29,-0.033409955196414765
2017-06-30,-0.014453250420194297
2017-07-03,-0.036178837117660234
2017-07-05,0.026699167970754223
2017-07-06,0.003005984542810536
2017-07-07,0.022860188538503134
2017-07-10,0.04728860439220406
2017-07-11,0.014183241820388881
2017-07-12,0.04253276415948748
2017-07-13,-0.011568708949569961
2017-07-14,0.026894308079995044
2017-07-17,-0.0042440219941509705
2017-07-18,0.010410958594934794
2017-07-19,-0.00518176621397215
2017-07-20,0.014536524494816128
2017-07-21,0.0035823140086763683
2017-07-24,-0.011600250115892274
2017-07-25,-0.004815133995431653
2017-07-26,0.011551142629343536
2017-07-27,-0.03300205225639696
2017-07-28,0.01638407579491341
2017-07-31,-0.011436125856391643
2017-08-01,0.01218376145429545
2017-08-02,-0.0006079307638789944
2017-08-03,0.012713519466041046
2017-08-04,0.004385199876193013
2017-08-07,0.030739369198332422
2017-08-08,-0.011894229304272197
2017-08-09,0.010628383612614645
2017-08-10,-0.04282155859086301
2017-08-11,-0.05329577645443595
2017-08-14,0.07976378332536571
2017-08-15,-0.008432565525166247
2017-08-16,-0.010959034881185659
2017-08-17,-0.022282892889045947
2017-08-18,0.0001856755120974718
2017-08-21,-0.014551158979699275
2017-08-22,0.02226278009845184
2017-08-23,0.019994104190629303
2017-08-24,-0.003679526813466061
2017-08-25,-0.0083536295411889
2017-08-28,0.007081409834215346
2017-08-29,-0.0016366192600572038
2017-08-30,0.005950118738137444
2017-08-31,0.022694321995021305
2017-09-01,0.006019838123607402
2017-09-05,-0.026692417218695974
2017-09-06,-0.0006030344829125456
2017-09-07,0.004644017309519022
2017-09-08,-0.017348922674193745
2017-09-11,0.032439260295563876
2017-09-12,0.0036093078776602283
2017-09-13,0.004481010571246946
2017-09-14,-0.005693308813178977
2017-09-15,0.06322303802556206
2017-09-18,0.041308110295140255
2017-09-19,-0.0010665805634494374
2017-09-20,-0.008059625561804729
2017-09-21,-0.02733521058829591
2017-09-22,-0.009736718017833157
2017-09-25,-0.04469285447140636
2017-09-26,0.005614032427747384
2017-09-27,0.021923859259754597
2017-09-28,-0.0002847120101133749
2017-09-29,0.01758891636579074
2017-10-02,0.0012866099846942092
2017-10-03,0.0020671043313491566
2017-10-04,0.008362435590016482
2017-10-05,-0.0005528154638159144
2017-10-06,0.002931824285872686
2017-10-09,0.022558986873192577
2017-10-10,0.019095075222544278
2017-10-11,0.010638872268430521
2017-10-12,0.00047136722926022223
2017-10-13,0.01863584252862105
2017-10-16,0.017164283507250966
2017-10-17,-0.0009093633076778795
2017-10-18,-0.000859854622292211
2017-10-19,0.0011137428320233678
2017-10-20,-0.004550116310051422
2017-10-23,-0.001421851540546859
2017-10-24,0.010476921175064602
2017-10-25,-0.025266627295498223
2017-10-26,0.010481980987304462
2017-10-27,0.03152959442865311
2017-10-30,0.009808706560202829
2017-10-31,0.014570410540615253
2017-11-01,0.0018857737914679262
2017-11-02,-0.006081198641217367
2017-11-03,0.013353602374733153
2017-11-06,0.004504134755476841
2017-11-07,0.011448884588276087
2017-11-08,-0.013535955856241344
2017-11-09,-0.018359215529332396
2017-11-10,0.05269824509553822
2017-11-13,-0.01623941803135187
2017-11-14,0.007289671031793565
2017-11-15,-0.01960964590722647
2017-11-16,0.007762595402679651
2017-11-17,-0.0011812372528551274
2017-11-20,0.012868932482954287
2017-11-21,0.009202169616288947
2017-11-22,-0.00449291472512281
2017-11-24,0.009444847736181927
2017-11-27,-0.01299763461602299
2017-11-28,-0.016017746315322046
2017-11-29,-0.06781826325874296
2017-11-30,0.021840928264575954
2017-12-01,-0.015096317367737866
2017-12-04,-0.055746855359405045
2017-12-05,0.0057860538190912525
2017-12-06,0.008096114072250415
2017-12-07,0.014424906029305129
2017-12-08,-0.00260450428870862
2017-12-11,0.016554616664645305
2017-12-12,-0.019624026715188037
2017-12-13,-0.024418584730438897
2017-12-14,0.001557843094295297
2017-12-15,0.027296475439962053
2017-12-18,0.033096732013199626
2017-12-19,-0.00904497997338305
2017-12-20,0.003518618899616799
2017-12-21,-0.004623975509315592
2017-12-22,-0.003164990958180902
2017-12-26,0.011112639757988596
2017-12-27,-0.0013673790352658477
2017-12-28,0.0011662805006675825
2017-12-29,-0.01975656250000002
2018-01-02,0.0302323657484318
2018-01-03,0.06581407339759693
2018-01-04,0.005271105052141678
2018-01-05,0.008474269101780951
2018-01-08,0.03064069863805674
2018-01-09,-0.00027029957821178563
2018-01-10,0.007840181754910969
2018-01-11,0.0017879799046860434
2018-01-12,-0.004908805643712211
2018-01-16,-0.012871224950870341
2018-01-17,0.020944068646289393
2018-01-18,-0.001246130205714402
2018-01-19,0.025262975480633276
2018-01-22,0.015557856858789965
2018-01-23,0.02233706740768726
2018-01-24,-0.013017093746752306
2018-01-25,0.0023323780668298433
2018-01-26,0.0295324774776069
2018-01-29,0.01446599874257215
2018-01-30,-0.016730965593451885
2018-01-31,0.012689561592316156
2018-02-01,-0.02156207514166575
2018-02-02,-0.029022870281356528
2018-02-05,-0.08487503609135094
2018-02-06,0.055591915186488094
2018-02-07,0.014274358788720631
2018-02-08,-0.049300650468668494
2018-02-09,0.06693618073593344
2018-02-12,-0.017450812376173297
2018-02-13,0.02017274012382675
2018-02-14,0.037785346588423474
2018-02-15,0.021042277664110598
2018-02-16,-0.010791180791693167
2018-02-20,0.021489492109729724
2018-02-21,-0.03039195011406659
2018-02-22,0.0032730057547711855
2018-02-23,0.015610369972171245
2018-02-26,0.002642958233137982
2018-02-27,-0.0021088306368794996
2018-02-28,-0.016499913092089535
2018-03-01,-0.0404545964332258
2018-03-02,0.018646878716637172
2018-03-05,-0.003762440065920858
2018-03-06,0.027625709601528214
2018-03-07,-0.001321462846578525
2018-03-08,-0.002729143471857487
2018-03-09,0.0172070299694298
2018-03-12,0.018057382387565823
2018-03-13,-0.008207959830289546
2018-03-14,0.0041582896415202075
2018-03-15,0.002411973530562328
2018-03-16,0.0045722606011759925
2018-03-19,-0.037847551092751064
2018-03-20,0.03560169921517531
2018-03-21,-0.00408687030928645
2018-03-22,-0.026995326706426792
2018-03-23,-0.036717197658427625
2018-03-26,0.04940554793699037
2018-03-27,-0.07755231468114432
2018-03-28,-0.01849058470905196
2018-03-29,0.046261670887669526
2018-04-02,-0.04551155149994501
2018-04-03,0.01945281857780734
2018-04-04,0.0039490619498876445
2018-04-05,-0.021481637812663767
2018-04-06,-0.032206883180037726
2018-04-09,0.005414121330183486
2018-04-10,0.05802875011009556
2018-04-11,-0.007327384091284417
2018-04-12,0.036951975817735905
2018-04-13,-0.013213842711675805
2018-04-16,-4.327425820094266e-05
2018-04-17,0.026134988106054857
2018-04-18,-0.0049255241082325485
2018-04-19,-0.03101074981077767
2018-04-20,-0.001440562562290304
2018-04-23,-0.021118635572348943
2018-04-24,-0.011970551692461195
2018-04-25,-0.020524409568749125
2018-04-26,0.03950885246559355
2018-04-27,0.004928622161253671
2018-04-30,-0.006318406818480615
2018-05-01,0.009959947903835253
2018-05-02,-0.003654127003050678
2018-05-03,0.029517227570923676
2018-05-04,0.0260526568726267
2018-05-07,0.04024068088475308
2018-05-08,0.006916568826553338
2018-05-09,0.021485688722827856
2018-05-10,0.017006851294851577
2018-05-11,-0.021527680511603142
2018-05-14,0.0032608449495232783
2018-05-15,-0.03837731514872422
2018-05-16,0.0018325168590045404
2018-05-17,0.006910442967137609
2018-05-18,-0.00714549123323438
2018-05-21,-0.006912095706885335
2018-05-22,-0.006305321671044917
2018-05-23,0.02057290424710634
2018-05-24,0.0006059933294066955
2018-05-25,0.006419303230614348
2018-05-29,-0.002767901658547456
2018-05-30,0.01769983279949172
2018-05-31,-0.003162137058653647
2018-06-01,0.021531323157656157
2018-06-04,0.02806440656138154
2018-06-05,0.0008309413528013732
2018-06-06,0.00030181453641997535
2018-06-07,-0.008486132396538282
2018-06-08,-0.0023580481164147127
2018-06-11,-0.00632918305770469
2018-06-12,0.007520538013083833
2018-06-13,-0.0006856104285053455
2018-06-14,0.017187474869237773
2018-06-15,-0.006181537701216766
2018-06-18,-0.0006411722966185307
2018-06-19,-0.018559326849631352
2018-06-20,0.008225267687960613
2018-06-21,-0.01982395125418257
2018-06-22,-0.02395873152975181
2018-06-25,-0.04714094925629386
2018-06-26,0.01200259358156841
2018-06-27,-0.02591024575941714
2018-06-28,0.021805583353769586
2018-06-29,-0.016441237726258162
2018-07-02,0.02254129603951127
2018-07-03,-0.022292113164064764
2018-07-05,0.02486912944097064
2018-07-06,0.0189511900993804
2018-07-09,0.007762976318668846
2018-07-10,0.016048109785130604
2018-07-11,-0.022586268891428785
2018-07-12,0.014947523684408326
2018-07-13,-0.0076023705172223455
2018-07-16,-0.004492267788707038
2018-07-17,0.022119230951346713
2018-07-18,-0.00784424631411862
2018-07-19,0.0013109793896635136
2018-07-20,-0.004523169578798392
2018-07-23,-0.0058990228153011914
2018-07-24,-0.0028065387876382575
2018-07-25,0.012705564801799074
2018-07-26,0.011791645140584839
2018-07-27,-0.011065648776711567
2018-07-30,-0.031307247759655654
2018-07-31,0.002990332021114428
2018-08-01,0.006575270358361918
2018-08-02,0.016837618625907158
2018-08-03,0.005905440068922241
2018-08-06,0.007655744386619423
2018-08-07,0.011494686369371676
2018-08-08,0.005721233808809956
2018-08-09,-0.007585035870642964
2018-08-10,-0.006511673998888856
2018-08-13,0.005219918547096469
2018-08-14,0.020732640789945966
2018-08-15,-0.008989141645734278
2018-08-16,-0.0063298920652661295
2018-08-17,-0.04902117575459297
2018-08-20,0.012335615772581132
2018-08-21,0.02211115125873997
2018-08-22,0.037501833228386294
2018-08-23,0.01529540297503984
2018-08-24,0.020162138941965058
2018-08-27,0.01351813336233354
2018-08-28,-0.005509045766057152
2018-08-29,0.01553424284417848
2018-08-30,-0.002441405386282236
2018-08-31,0.010330798104468686
2018-09-04,0.01075958940946986
2018-09-05,-0.018611261630003706
2018-09-06,-0.02047290208736574
2018-09-07,-0.0031531552890030623
2018-09-10,0.010557014241668883
2018-09-11,-0.007025151962646081
2018-09-12,-0.016862340787289987
2018-09-13,0.011707741992067922
2018-09-14,0.01875882080214919
2018-09-17,-0.009043810656700457
2018-09-18,-0.010623240367054532
2018-09-19,0.003542256526807286
2018-09-20,-0.02095743580141729
2018-09-21,-0.01062769601979685
2018-09-24,0.00854019428486219
2018-09-25,0.010199668821605057
2018-09-26,-0.005551508285738249
2018-09-27,0.00179850679642235
2018-09-28,0.05093479497884057
2018-10-01,0.029677426423259767
2018-10-02,-0.009952808245618394
2018-10-03,0.0008726760298787273
2018-10-04,-0.025947421155302575
2018-10-05,-0.03376481296994249
2018-10-08,-0.015155674301891797
2018-10-09,-0.0008654940463833638
2018-10-10,-0.0747532666179146
2018-10-11,-0.04298099099653985
2018-10-12,0.04852627576906765
2018-10-15,-0.045266281223058424
2018-10-16,0.044396318672776935
2018-10-17,-0.011268125131114637
2018-10-18,-0.014523230892871553
2018-10-19,-0.04325116222423386
2018-10-22,0.008945138303259048
2018-10-23,-0.04394087350181897
2018-10-24,-0.0979371320547745
2018-10-25,0.04227466726058804
2018-10-26,-0.04594891748483709
2018-10-29,-0.06389622178113163
2018-10-30,0.09363217822081893
2018-10-31,0.03857148934714849
2018-11-01,0.03453012956428947
2018-11-02,-0.014625725551598467
2018-11-05,-0.014656578921544594
2018-11-06,-0.0033525617922084416
2018-11-07,0.01293457796140074
2018-11-08,-0.03648437094398782
2018-11-09,-0.0015534100736542822
2018-11-12,-0.0784265205240261
2018-11-13,0.05154572106359878
2018-11-14,-0.010636783510320824
2018-11-15,0.026370640892574126
2018-11-16,-0.18755866818011335
2018-11-19,-0.11999034190281932
2018-11-20,0.03026941813084094
2018-11-21,-0.029313082348004005
2018-11-23,0.0020043186305995775
2018-11-26,0.055516998913796245
2018-11-27,0.004442886513323252
2018-11-28,0.041241297555579814
2018-11-29,-0.015946763465029545
2018-11-30,0.03857416978901229
2018-12-03,0.040445644548645854
2018-12-04,-0.07604110280993415
2018-12-06,0.0075107401165868115
2018-12-07,-0.0674710737281704
2018-12-10,0.028791818613907783
2018-12-11,-0.024166727175894076
2018-12-12,0.004791045810808248
2018-12-13,-6.713448731665572e-05
2018-12-14,-0.016387802270083074
2018-12-17,-0.019597173127807288
2018-12-18,0.023401447194619784
2018-12-19,-0.05737051984638619
2018-12-20,-0.024619112197047932
2018-12-21,-0.04093251844934964
2018-12-24,-0.019217411781350724
2018-12-26,0.04737169267756047
2018-12-27,-0.014500131720641352
2018-12-28,0.018906493538773717
2018-12-31,-0.0011223823687699364
2019-01-02,0.020374649984580717
2019-01-03,-0.06041689834271424
2019-01-04,0.06406750737677025
2019-01-07,0.052940595250126954
2019-01-08,-0.024895366213426917
2019-01-09,0.01966677045422327
2019-01-10,0.018586022143849634
2019-01-11,0.024788053480624628
2019-01-14,0.01081797537877538
2019-01-15,-0.0037887202207684822
2019-01-16,-0.006872866691506441
2019-01-17,0.01934945045316483
2019-01-18,0.03433993656430134
2019-01-22,-0.05199770173088514
2019-01-23,0.0034949738494620686
2019-01-24,0.057271374511133954
2019-01-25,0.014635151098488786
2019-01-28,-0.138245471441228
2019-01-29,-0.04644588981349118
2019-01-30,0.04399691719609744
2019-01-31,0.046291693424164615
2019-02-01,0.006817452867633023
2019-02-04,0.03074676094022788
2019-02-05,0.005161714654187355
2019-02-06,0.02034001908652372
2019-02-07,-0.03647065126478877
2019-02-08,0.005087200128773395
2019-02-11,-0.01160786532854341
2019-02-12,0.03222944714190268
2019-02-13,0.011311780341627165
2019-02-14,0.01079253243307532
2019-02-15,0.018184356869160423
2019-02-19,-0.004449185655048926
2019-02-20,0.012193797714401766
2019-02-21,-0.017533953988247752
2019-02-22,0.02195547279023824
2019-02-25,-0.003141195354528059
2019-02-26,-0.010019343634432465
2019-02-27,-0.010757539655891102
2019-02-28,-0.006376515123702187
2019-03-01,0.014196698591345092
2019-03-04,0.0021091034356253147
2019-03-05,-0.0016581165692891586
2019-03-06,-0.028558805916471974
2019-03-07,-0.01834926346405652
2019-03-08,0.009245667913715838
2019-03-11,0.06970274734212478
2019-03-12,0.008563936735651367
2019-03-13,0.037533785265616126
2019-03-14,-0.018147295417210718
2019-03-15,0.025670322662783684
2019-03-18,-0.0050644675102982095
2019-03-19,0.04001187948578111
2019-03-20,-0.00745554564241846
2019-03-21,0.054701901557225874
2019-03-22,-0.03501121122488915
2019-03-25,-0.020957899065394026
2019-03-26,0.01778093248295387
2019-03-27,-0.0020918768503594976
2019-03-28,0.00424936317000979
2019-03-29,0.013032699670392667
2019-04-01,0.015147941083839545
2019-04-02,0.003950012693037852
2019-04-03,0.030710301975261478
2019-04-04,-0.0019086214007992819
2019-04-05,0.014288867771093727
2019-04-08,0.004398946956061467
2019-04-09,-0.013191430868808585
2019-04-10,0.015006120167638803
2019-04-11,-0.002915554253213548
2019-04-12,-0.007987880181075435
2019-04-15,-0.027945999668173904
2019-04-16,0.01900378380491574
2019-04-17,-0.004887942045060267
2019-04-18,-0.005286083578229572
2019-04-22,0.011648022551720816
2019-04-23,0.011672862483834479
2019-04-24,0.0026222950758383323
2019-04-25,-0.022283809390482356
2019-04-26,-0.047188500676714096
2019-04-29,0.006962795159437096
2019-04-30,0.009312541779989747
2019-05-01,-0.002928161001492513
2019-05-02,0.015071646633962654
2019-05-03,-0.0009825558595921713
2019-05-06,-0.01726670812525688
2019-05-07,-0.037476032754850674
2019-05-08,0.0046793164821969935
2019-05-09,-0.021446722266139195
2019-05-10,-0.008049507209044071
2019-05-13,-0.06142674486856892
2019-05-14,0.02265724860047169
2019-05-15,-0.015181564399413983
2019-05-16,0.0038225867646615175
2019-05-17,-0.0228477978093804
2019-05-20,-0.030537416963000386
2019-05-21,0.02181250503034904
2019-05-22,-0.018444666446514102
2019-05-23,-0.032062705785913304
2019-05-24,-0.014730430504243497
2019-05-28,-0.012538495147727424
2019-05-29,-0.02086075313299851
2019-05-30,-0.007633285279327162
2019-05-31,-0.026238227970646233
2019-06-03,-0.01240212300981991
2019-06-04,0.06891897751290976
2019-06-05,-0.01202806337072937
2019-06-06,0.017695357614843088
2019-06-07,0.011963026226080142
2019-06-10,0.02013713174622822
2019-06-11,0.015630754088665988
2019-06-12,-0.03018274862581738
2019-06-13,0.014090253405188324
2019-06-14,-0.024416665381482794
2019-06-17,0.002696516490276357
2019-06-18,0.0541267454668386
2019-06-19,0.0015695927219561145
2019-06-20,0.006400520981261648
2019-06-21,-0.015185184484421854
2019-06-24,0.0059305503732758336
2019-06-25,-0.007729601170874512
2019-06-26,0.05135988694412297
2019-06-27,0.024928094536533774
2019-06-28,0.006126116030403139
2019-07-01,0.011812935090574017
2019-07-02,-0.023710752315301176
2019-07-03,0.003205239471637311
2019-07-05,-0.01548383982180046
2019-07-08,-0.01884791171164235
2019-07-09,0.0006360409748606966
2019-07-10,0.017481276958589698
2019-07-11,0.03886047073049004
2019-07-12,0.007998674747385248
2019-07-15,-0.0020285944194564642
2019-07-16,-0.0011357606440405288
2019-07-17,0.015741190785580006
2019-07-18,0.002769189898248481
2019-07-19,-0.010224425725368191
2019-07-22,0.01709809264925788
2019-07-23,0.025332617348188702
2019-07-24,0.017078391647850077
2019-07-25,-0.02955314429582312
2019-07-26,0.009747001906296626
2019-07-29,-0.0014278863486614224
2019-07-30,0.0036037875451593315
2019-07-31,-0.03835851897048215
2019-08-01,-0.022522723274923884
2019-08-02,-0.02261673070287984
2019-08-05,-0.06452029949406801
2019-08-06,0.01034554241944119
2019-08-07,0.010108362084743083
2019-08-08,0.028396910575040124
2019-08-09,-0.025780550188566953
2019-08-12,-0.017706279479694276
2019-08-13,0.03037285830201042
2019-08-14,-0.0383208624618081
2019-08-15,-0.008662646492443637
2019-08-16,0.07252820092445011
2019-08-19,0.07031810592336063
2019-08-20,-0.017039488309461337
2019-08-21,0.020015571404451205
2019-08-22,0.0014599077865242727
2019-08-23,-0.052717210720917174
2019-08-26,0.018529793615550627
2019-08-27,-0.022061227546784634
2019-08-28,-0.0025982266237849494
2019-08-29,0.03585146346136758
2019-08-30,0.0030542456088620273
2019-09-03,-0.01993917247327448
2019-09-04,0.027958688789854635
2019-09-05,0.06506296643210452
2019-09-06,-0.006064622034526179
2019-09-09,0.010355618976860326
2019-09-10,0.01484742097054137
2019-09-11,0.0062782994443699724
2019-09-12,-0.0003257706905348545
2019-09-13,-0.012644637491328936
2019-09-16,-0.009508429088201042
2019-09-17,0.00477224844547619
2019-09-18,-0.006019823312627515
2019-09-19,-0.016890653637299247
2019-09-20,-0.024019329484464502
2019-09-23,0.012449797021995002
2019-09-24,-0.013211937259190454
2019-09-25,0.03303760955024049
2019-09-26,-0.004993423729845792
2019-09-27,-0.031464911593678924
2019-09-30,0.013448850694899095
2019-10-01,-0.00040213003860312124
2019-10-02,-0.005517283305594645
2019-10-03,0.04779244444377517
2019-10-04,0.003640376402778145
2019-10-07,0.012969158084771504
2019-10-08,-0.0385180386059476
2019-10-09,0.019635640242747332
2019-10-10,0.012838083341880413
2019-10-11,0.016172300614272883
2019-10-14,0.002903295602771916
2019-10-15,0.05275279688226586
2019-10-16,-0.010999318690527393
2019-10-17,0.00041165858150260526
2019-10-18,-0.0195582428819866
2019-10-21,0.028977654133491626
2019-10-22,-0.00204064330124476
2019-10-23,-0.002658315714549553
2019-10-24,0.009072768226475292
2019-10-25,0.039012559729014296
2019-10-28,0.011000153948940161
2019-10-29,-0.018714566570570024
2019-10-30,0.0003944422102877265
2019-10-31,-0.009753781142115892
2019-11-01,0.007810117965498131
2019-11-04,0.0390443717722011
2019-11-05,-0.004228068827469178
2019-11-06,-0.009446126616347805
2019-11-07,0.0034195373549734676
2019-11-08,-0.002687940610265338
2019-11-11,0.0019251954616059663
2019-11-12,0.0068690193955280865
2019-11-13,-0.004961529459949654
2019-11-14,0.005849189435442659
2019-11-15,-0.02669326115455839
2019-11-18,0.03962000877676708
2019-11-19,-0.020209411969295266
2019-11-20,0.015337516238701943
2019-11-21,-0.004735390260083849
2019-11-22,0.0033781960294616553
2019-11-25,0.04893541465925244
2019-11-26,-0.01903175204347496
2019-11-27,0.006456516273188884
2019-11-29,-0.00687311274737934
2019-12-02,-0.03455752562035275
2019-12-03,-0.007598801439976377
2019-12-04,0.008475540286092986
2019-12-05,-0.0032470679354729137
2019-12-06,0.016431703338696035
2019-12-09,0.0
2019-12-10,0.00853112036550474
2019-12-11,0.015702218059737927
2019-12-12,0.030965460051587623
2019-12-13,-0.00035701571778445906
2019-12-16,0.005178713525243683
2019-12-17,0.01394622932937506
2019-12-18,0.0053441493978303445
2019-12-19,0.02592485154437507
2019-12-20,0.016605702860356564
2019-12-23,-0.00229751809807488
2019-12-24,-0.0008376066259828674
2019-12-26,0.0023887114253888786
2019-12-27,-0.009699428204793414
2019-12-30,-0.01920890223628191
2019-12-31,0.012827204019795868
2020-01-02,0.019591955039220288
2020-01-03,-0.016005881178784764
2020-01-06,0.004193602122134932
2020-01-07,0.01210667819511313
2020-01-08,0.0018755451451537564
2020-01-09,0.010982578580183144
2020-01-10,0.005349530860188079
2020-01-13,0.03135211461007592
2020-01-14,-0.0186521009854268
2020-01-15,-0.006915291978822569
2020-01-16,0.013682355287471193
2020-01-17,0.0014060642551918523
2020-01-21,-0.005375400807536068
2020-01-22,0.00875212156448657
2020-01-23,0.010995095562510881
2020-01-24,-0.009412427702730986
2020-01-27,-0.04104125102678502
2020-01-28,0.032348184943930214
2020-01-29,-0.00979962435164583
2020-01-30,0.0010996161107579283
2020-01-31,-0.03815948277527548
2020-02-03,0.016495394703038624
2020-02-04,0.02829434177543977
2020-02-05,0.014688652379263756
2020-02-06,0.013917649088476036
2020-02-07,-0.010462079916051747
2020-02-10,0.045232390927668176
2020-02-11,0.018709532197032752
2020-02-12,0.01735752477542829
2020-02-13,-0.006457936569766121
2020-02-14,0.07020507548966304
2020-02-18,0.02339615380345683
2020-02-19,0.06113220560168742
2020-02-20,-0.019065724678719254
2020-02-21,-0.0473923432724247
2020-02-24,-0.07069732764555758
2020-02-25,-0.041093815551115354
2020-02-26,0.021370211972907338
2020-02-27,-0.05566560708129198
2020-02-28,0.06916060480102915
2020-03-02,0.023549713069008105
2020-03-03,-0.03812899634738354
2020-03-04,0.07002892248623982
2020-03-05,-0.039436462072687806
2020-03-06,-0.026528630930872876
2020-03-09,-0.07743175394555368
2020-03-10,0.06372215788312152
2020-03-11,-0.05595970241363768
2020-03-12,-0.12236798664236237
2020-03-13,0.11340212241824177
2020-03-16,-0.18452075177553195
2020-03-17,0.10626268393211902
2020-03-18,-0.06650717571859188
2020-03-19,0.05004441946376437
2020-03-20,-0.033901492523150445
2020-03-23,0.03373031375219049
2020-03-24,0.17156414547679466
2020-03-25,-0.014286792144000082
2020-03-26,0.04730852168232702
2020-03-27,-0.017531962648505095
2020-03-30,0.0508843899072049
2020-03-31,-0.007492716247411546
2020-04-01,-0.07788322067492359
2020-04-02,0.05101401895383373
2020-04-03,-0.045249859092721945
2020-04-06,0.10040565691381498
2020-04-07,-0.03491062999649197
2020-04-08,0.03057574813686137
2020-04-09,-0.0149838767787418
2020-04-13,0.02624057951876546
2020-04-14,0.05225135798384195
2020-04-15,-0.010952765155608057
2020-04-16,0.049351833670108425
2020-04-17,-0.00807589676367726
2020-04-20,-0.018028188960476088
2020-04-21,-0.061104114668925846
2020-04-22,0.06174160928148731
2020-04-23,-0.007478693641612355
2020-04-24,0.019647182174209465
2020-04-27,0.025864179118523012
2020-04-28,-0.01925404118315377
2020-04-29,0.02436858701689326
2020-04-30,-0.020706372192910827
2020-05-01,-0.03250305303773715
2020-05-04,0.03009380675323725
2020-05-05,0.00841105354240268
2020-05-06,0.013787629681858649
2020-05-07,0.023775268735608535
2020-05-08,0.025026864141415528
2020-05-11,0.03238415393341976
2020-05-12,-0.032608035406844205
2020-05-13,-0.002883632120671442
2020-05-14,0.03219787964726839
2020-05-15,0.0573126508381927
2020-05-18,0.030562703737459174
2020-05-19,0.0063140911969101765
2020-05-20,0.018681631166664436
2020-05-21,-0.021711404249806554
2020-05-22,0.028603194154634304
2020-05-26,-0.03417799059325877
2020-05-27,-0.02208155772134046
2020-05-28,-0.00448645510783785
2020-05-29,0.04577586681206358
2020-06-01,-0.007802472262045113
2020-06-02,0.0021576091732768976
2020-06-03,-0.006317245968733176
2020-06-04,0.00011426398629610368
2020-06-05,0.017509806247352655
2020-06-08,-0.012892256042730366
2020-06-09,0.02737054048405585
2020-06-10,0.035457744510203115
2020-06-11,-0.06090686744014706
2020-06-12,0.015489315610713206
2020-06-15,0.02700822370041256
2020-06-16,-0.0114728874069977
2020-06-17,0.018470662584068487
2020-06-18,-0.0019489111075340348
2020-06-19,0.004691915661228396
2020-06-22,0.028667754530523837
2020-06-23,-0.008056167808210057
2020-06-24,-0.02269846460802849
2020-06-25,0.027556652178354346
2020-06-26,-0.03530008498885295
2020-06-29,0.0049152598043809
2020-06-30,0.03236407742847214
2020-07-01,0.0033954908159095076
2020-07-02,0.008630614285045635
2020-07-06,0.023615697926921975
2020-07-07,0.0033031475397087284
2020-07-08,0.03487207835602768
2020-07-09,0.028680530236144808
2020-07-10,-0.002830813462789683
2020-07-13,-0.04074727753728036
2020-07-14,0.03230621727243577
2020-07-15,-0.01443100097013339
2020-07-16,-0.009044361361775999
2020-07-17,0.006586035701771964
2020-07-20,0.030314451313778967
2020-07-21,-0.017339483114660048
2020-07-22,0.010674461411634306
2020-07-23,-0.02960134600349873
2020-07-24,0.00639221615911989
2020-07-27,0.02226660482124121
2020-07-28,-0.01976680242081441
2020-07-29,0.024472731668726766
2020-07-30,0.014189429420129018
2020-07-31,7.064694434655294e-05
2020-08-03,0.0372596659817761
2020-08-04,0.019754169501165153
2020-08-05,0.005254830557627876
2020-08-06,0.0043192220532848324
2020-08-07,-0.011997570799208268
2020-08-10,-0.003080547609183526
2020-08-11,-0.028213220496441926
2020-08-12,0.054400798632857406
2020-08-13,0.0002404417064632014
2020-08-14,0.010574150445154862
2020-08-17,0.0668454574333226
2020-08-18,-0.0061805507489498535
2020-08-19,-0.009970861815885912
2020-08-20,0.0002059351428478351
2020-08-21,0.0446834517253365
2020-08-24,0.0028972945372844894
2020-08-25,0.002338773448337772
2020-08-26,0.0018040728405661621
2020-08-27,-0.01133263553548991
2020-08-28,0.04113791518907095
2020-08-31,0.01724645643080125
2020-09-01,0.033693582057702676
2020-09-02,0.03802188776735704
2020-09-03,-0.09277536130657926
2020-09-04,-0.03019490243241918
2020-09-08,-0.05620909400463847
2020-09-09,0.0673215077203837
2020-09-10,-0.03171452279202147
2020-09-11,-0.01196008215485389
2020-09-14,0.058181828471500996
2020-09-15,0.009225100364162131
2020-09-16,-0.036679333893093635
2020-09-17,-0.00407529883833746
2020-09-18,-0.022004199868367436
2020-09-21,0.026908856689398686
2020-09-22,0.009626797958850464
2020-09-23,-0.040671795049960546
2020-09-24,0.018496649869483184
2020-09-25,0.04257780551348844
2020-09-28,0.012525598368739344
2020-09-29,0.014633663717267043
2020-09-30,0.023042096188429673
2020-10-01,0.0062082361906656836
2020-10-02,-0.040563245059604736
2020-10-05,0.04442170248330357
2020-10-06,0.0068903145356535855
2020-10-07,0.016561579278842276
2020-10-08,-0.008969578675646184
2020-10-09,-0.005491787965115624
2020-10-12,0.03365968623168558
2020-10-13,0.001564146514233089
2020-10-14,-0.010738015359563424
2020-10-15,-0.008886163912946832
2020-10-16,-0.011345577323037759
2020-10-19,-0.022716729840076333
2020-10-20,0.010946311514986151
2020-10-21,-0.008848988026415205
2020-10-22,-0.012107179788933387
2020-10-23,0.01715778408115698
2020-10-26,-0.03303834237112757
2020-10-27,0.019442738961450434
2020-10-28,-0.05745816410592086
2020-10-29,0.03144062631549338
2020-10-30,-0.03762283720766335
2020-11-02,0.003729949894455631
2020-11-03,0.034874655943012645
2020-11-04,0.059506890367374554
2020-11-05,0.026514775112723044
2020-11-06,0.02838968428872435
2020-11-09,-0.06395088454403064
2020-11-10,-0.06314739725707608
2020-11-11,0.05074371316947257
2020-11-12,0.0028880921580847208
2020-11-13,-0.011871526401311061
2020-11-16,0.016413497444530467
2020-11-17,-0.006880934110944148
2020-11-18,0.000484406554100536
2020-11-19,0.0008560161278268197
2020-11-20,-0.02622696373272615
2020-11-23,0.003992064497697845
2020-11-24,-0.013869866123716434
2020-11-25,0.021377464966326976
2020-11-27,0.002002182160084187
2020-11-30,0.01057590678398812
2020-12-01,-0.0008583276503419945
2020-12-02,0.01153859468663887
2020-12-03,-0.010671674386185548
2020-12-04,0.012111931329531256
2020-12-07,0.00357715807695258
2020-12-08,-0.018869262716579516
2020-12-09,-0.031404610828788204
2020-12-10,0.003209521454153652
2020-12-11,0.003160229470032805
2020-12-14,0.022707827581473383
2020-12-15,0.003888301539875849
2020-12-16,-0.008831782098473462
2020-12-17,0.007457254180572193
2020-12-18,-0.005191182692970142
2020-12-21,0.004540002389960218
2020-12-22,-0.004050305556712264
2020-12-23,-0.02025867366254941
2020-12-24,-0.001191605342567681
2020-12-28,-0.007215247204696351
2020-12-29,0.0033528024294775527
2020-12-30,0.015645488044154554
2020-12-31,-0.006903557858641718
2021-01-04,0.004481094609659397
2021-01-05,0.02220988566460247
2021-01-06,-0.05895294457241895
2021-01-07,0.05783019790954502
2021-01-08,-0.00503962843528194
2021-01-11,0.02596636339016456
2021-01-12,-0.010038968199941323
2021-01-13,0.0034852804459888365
2021-01-14,-0.024498149881366116
2021-01-15,-0.025813990779343765
2021-01-19,0.01288959634188025
2021-01-20,0.02614131664473507
2021-01-21,0.037540210743026714
2021-01-22,-0.011177364747313567
2021-01-25,-0.004320881767264195
2021-01-26,-0.01596683772712615
2021-01-27,-0.038518162175588455
2021-01-28,0.010315234689762809
2021-01-29,-0.0046929337521391945
2021-02-01,0.019034144192310753
2021-02-02,0.02415608579741435
2021-02-03,-0.0019364499215323017
2021-02-04,0.009885052482232926
2021-02-05,-0.005360712308215554
2021-02-08,0.062375598544857525
2021-02-09,-0.012154618182927512
2021-02-10,0.03512516370712482
2021-02-11,0.03295134801863786
2021-02-12,-0.018982852525258997
2021-02-16,0.024663950795379863
2021-02-17,-0.027674315384898507
2021-02-18,-0.005165512903778535
2021-02-19,0.006574756150071748
2021-02-22,-0.0382371559013559
2021-02-23,-0.014889648933137378
2021-02-24,0.025244124334568907
2021-02-25,-0.08217839755964318
2021-02-26,0.030584468935883624
2021-03-01,0.009278822102790851
2021-03-02,-0.03146298528215208
2021-03-03,-0.04486728577308596
2021-03-04,-0.03393263374972444
2021-03-05,0.00737646718610474
2021-03-08,-0.06967440742202358
2021-03-09,0.08033303906224432
2021-03-10,-0.004153365965905431
2021-03-11,0.042126919860259404
2021-03-12,-0.010582194859417915
2021-03-15,0.026077826408976712
2021-03-16,0.007580533168570325
2021-03-17,0.0037618655374629384
2021-03-18,-0.0463789024007184
2021-03-19,0.009687559953535096
2021-03-22,0.026506742786739146
2021-03-23,-0.008758964474627984
2021-03-24,-0.032725710882942516
2021-03-25,-0.008522531455762428
2021-03-26,0.0242515845542286
2021-03-29,0.008489490186430748
2021-03-30,-0.005907991149584624
2021-03-31,0.03701896540645144
2021-04-01,0.034723806644034294
2021-04-05,0.012724584702603847
2021-04-06,-0.009008125730547323
2021-04-07,0.02034401851112677
2021-04-08,0.012267218333332108
2021-04-09,0.005797438213607453
2021-04-12,0.05618057812425836
2021-04-13,0.030935502818025373
2021-04-14,-0.025670392769188033
2021-04-15,0.056309995596653506
2021-04-16,-0.013927427496468026
2021-04-19,-0.03461103776522578
2021-04-20,-0.012400982380977088
2021-04-21,0.012474264931882084
2021-04-22,-0.03321812498538124
2021-04-23,0.027945475016039945
2021-04-26,0.013936903951380142
2021-04-27,-0.006218471789938063
2021-04-28,-0.006826218092489622
2021-04-29,0.0031419390873135278
2021-04-30,-0.02057128593707347
2021-05-03,-0.011509424103021582
2021-05-04,-0.032722856754227925
2021-05-05,0.007473300775134861
2021-05-06,0.00446101811625077
2021-05-07,0.019916578431370402
2021-05-10,-0.03689489321988093
2021-05-11,0.00283872154218634
2021-05-12,-0.03828735801819494
2021-05-13,-0.00677750865440252
2021-05-14,0.04227860577958498
2021-05-17,-0.005441130329616128
2021-05-18,-0.01057138561586568
2021-05-19,0.003567407742247841
2021-05-20,0.038870800405863104
2021-05-21,0.025953669907244015
2021-05-24,0.04137297631682246
2021-05-25,0.0022898654528999973
2021-05-26,0.0033392607646385297
2021-05-27,-0.013503160994897567
2021-05-28,0.04884431156403113
2021-06-01,0.0012310327546005695
2021-06-02,0.03158717483659279
2021-06-03,0.011413625914052705
2021-06-04,0.03585779158088287
2021-06-07,0.002318309303252164
2021-06-08,-0.009194431433242833
2021-06-09,-0.005429004793095715
2021-06-10,0.0038453515134186933
2021-06-11,0.02296995660868828
2021-06-14,0.01085523847662051
2021-06-15,-0.012778210358345476
2021-06-16,0.0012225686796945023
2021-06-17,0.04755690429642234
2021-06-18,-0.000991630942883348
2021-06-21,-0.011347173416543344
2021-06-22,0.024935793760983316
2021-06-23,0.009027459676440364
2021-06-24,0.007779290825375984
2021-06-25,-0.009085911739245
2021-06-28,0.05012885246212373
2021-06-29,0.0020889019283796273
2021-06-30,-0.0012108723745859473
2021-07-01,0.010473734319334405
2021-07-02,0.013605734898215038
2021-07-06,0.010323702473597152
2021-07-07,-0.01578631188843571
2021-07-08,-0.023021972139056657
2021-07-09,0.007411105137854257
2021-07-12,0.023054469220507023
2021-07-13,-0.0127970985215482
2021-07-14,-0.02017273163764899
2021-07-15,-0.044112097061774214
2021-07-16,-0.04245710113856738
2021-07-19,0.03407030026195357
2021-07-20,-0.008932633735564632
2021-07-21,0.04287577703666279
2021-07-22,0.009479606773267202
2021-07-23,-0.0018373499474140242
2021-07-26,-0.013498388841723719
2021-07-27,-0.0044571956869885465
2021-07-28,0.015358008567718295
2021-07-29,0.00815269036666022
2021-07-30,-0.008290049988755044
2021-08-02,0.012872374333044778
2021-08-03,0.0032912147721568807
2021-08-04,0.023164337720929407
2021-08-05,0.01790448408626011
2021-08-06,-0.013131559196931653
2021-08-09,-0.0034863213373268476
2021-08-10,-0.017688936896150254
2021-08-11,-0.01188813344175621
2021-08-12,0.010457335288686087
2021-08-13,0.014217578215378612
2021-08-16,-0.01178918016941588
2021-08-17,-0.02466159747322849
2021-08-18,-0.021482194348152017
2021-08-19,0.03981082420655069
2021-08-20,0.05141938972557192
2021-08-23,0.054861645311854224
2021-08-24,-0.007514335627145097
2021-08-25,0.019272236818664412
2021-08-26,-0.00652774204354023
2021-08-27,0.02573874431665213
2021-08-30,0.002297224059296221
2021-08-31,-0.013181189121104442
2021-09-01,0.0025016475454899822
2021-09-02,-0.0020051497563025045
2021-09-03,0.0199589266166742
2021-09-07,-0.007923670719388376
2021-09-08,-0.014252938302096174
2021-09-09,-0.007251881450168307
2021-09-10,0.01357252937750375
2021-09-13,-0.014503072087849622
2021-09-14,0.004062894702783426
2021-09-15,0.0044510173714729095
2021-09-16,-0.004431293606651621
2021-09-17,-0.015376416726260889
2021-09-20,-0.03593602540315588
2021-09-21,0.006299502476182495
2021-09-22,0.03271197814281379
2021-09-23,0.024657211174159643
2021-09-24,-0.017836559406719577
2021-09-27,-0.019066240688475067
2021-09-28,-0.044367566664451186
2021-09-29,-0.008792616948302578
2021-09-30,0.009699202129006768
2021-10-01,0.0012551416619244193
2021-10-04,-0.04869347154265968
2021-10-05,0.036438260084020735
2021-10-06,0.012175422269293579
2021-10-07,0.018115872213255724
2021-10-08,-0.011577659511519345
2021-10-11,-0.006528648728912678
2021-10-12,-0.0011597508200963391
2021-10-13,0.012964959255868491
2021-10-14,0.0385406238110213
2021-10-15,0.005334300343935228
2021-10-18,0.016466946152355666
2021-10-19,0.0030600604956134703
2021-10-20,-0.008389425441974963
2021-10-21,0.026647957805775224
2021-10-22,0.001498340026744982
2021-10-25,0.019361051411233454
2021-10-26,0.06695160078191953
2021-10-27,-0.010761812359043943
2021-10-28,0.020040091433268792
2021-10-29,0.025099114231089237
2021-11-01,0.010169054668539124
2021-11-02,0.022225230804479246
2021-11-03,0.007461822600501877
2021-11-04,0.12042258498038705
2021-11-05,-0.001644292345579168
2021-11-08,0.03535914462815559
2021-11-09,-0.0047721592852407735
2021-11-10,-0.03907767300036924
2021-11-11,0.03160331750845091
2021-11-12,0.0
2021-11-15,-0.012010504892185248
2021-11-16,0.005928205144910548
2021-11-17,-0.03118873406598699
2021-11-18,0.08249864364012938
2021-11-19,0.041357833845336645
2021-11-22,-0.031196151304340725
2021-11-23,-0.006571594532033931
2021-11-24,0.02923205078312674
2021-11-26,-0.035838904163204344
2021-11-29,0.05945470328290492
2021-11-30,-0.02097303643357651
2021-12-01,-0.03786126559355474
2021-12-02,0.02198173022601413
2021-12-03,-0.04460555472793426
2021-12-06,-0.021372759444788225
2021-12-07,0.07956843500559807
2021-12-08,-0.0185338229970613
2021-12-09,-0.04197834565805503
2021-12-10,-0.009577081079130578
2021-12-13,-0.06745475012263202
2021-12-14,0.006249827720064216
2021-12-15,0.07488446162547069
2021-12-16,-0.0680259679563453
2021-12-17,-0.0206431450840191
2021-12-20,-0.00294969977546089
2021-12-21,0.048919490299089485
2021-12-22,0.011178165105869109
2021-12-23,0.008163244516257162
2021-12-27,0.04402850596111629
2021-12-28,-0.020132598326344175
2021-12-29,-0.010586425013377143
2021-12-30,-0.013832920076110922
2021-12-31,-0.005914925761804191
2022-01-03,0.024140683944827268
2022-01-04,-0.027588798003407633
2022-01-05,-0.05756234454686204
2022-01-06,0.020794150300761816
2022-01-07,-0.03304011174574306
2022-01-10,0.005615450705394487
2022-01-11,0.015219206203234581
2022-01-12,0.006542559707408024
2022-01-13,-0.05085898320018045
2022-01-14,0.01381005357364229
2022-01-18,-0.03856436105157768
2022-01-19,-0.03227421294515087
2022-01-20,-0.036582065155968624
2022-01-21,-0.0321324380300857
2022-01-24,-8.557474555237476e-05
2022-01-25,-0.04483997002993079
2022-01-26,0.020068009539871534
2022-01-27,-0.03636029222545889
2022-01-28,0.04083104352561229
2022-01-31,0.07206666923572613
2022-02-01,0.006207575348726735
2022-02-02,0.02451499538197166
2022-02-03,-0.051263760032515204
2022-02-04,0.015491816406237646
2022-02-07,0.01681822074657746
2022-02-08,0.01536724827057201
2022-02-09,0.06360525790157423
2022-02-10,-0.03299030822364202
2022-02-11,-0.07260676860329218
2022-02-14,0.013278173025683015
2022-02-15,0.091811955326913
2022-02-16,0.0006038398678958057
2022-02-17,-0.07559115234648783
2022-02-18,-0.0352960322134227
2022-02-22,-0.01065909184333258
2022-02-23,-0.04288157886054911
2022-02-24,0.06079423512228033
2022-02-25,0.01722259956744998
2022-02-28,0.009438239745420685
2022-03-01,-0.037236040792834046
2022-03-02,0.03182386068709442
2022-03-03,-0.0208919292829155
2022-03-04,-0.032807579676425
2022-03-07,-0.06906177044071571
2022-03-08,0.007587026595235136
2022-03-09,0.06972224228367341
2022-03-10,-0.015468870769645648
2022-03-11,-0.024627176094281777
2022-03-14,-0.034841534146594855
2022-03-15,0.0770275690659179
2022-03-16,0.06629530871291278
2022-03-17,0.01102212558053206
2022-03-18,0.06811771188328986
2022-03-21,0.01062242629010357
2022-03-22,-0.007854994010317085
2022-03-23,-0.033554572866081434
2022-03-24,0.09815088799716198
2022-03-25,-0.016269955631538213
2022-03-28,0.019030676828719173
2022-03-29,0.015485848393636203
2022-03-30,-0.03371012476673352
2022-03-31,-0.01459013824640698
2022-04-01,-0.02103638096127569
2022-04-04,0.02425883472349777
2022-04-05,-0.052229363099422166
2022-04-06,-0.05877151202580688
2022-04-07,-0.008153330078728316
2022-04-08,-0.044985184973412196
2022-04-11,-0.05199180981991591
2022-04-12,-0.018843939645522667
2022-04-13,0.03250556937498805
2022-04-14,-0.04256171078897186
2022-04-18,0.024696545026427374
2022-04-19,0.01905153002162674
2022-04-20,-0.03225513608991626
2022-04-21,-0.06046929514410604
2022-04-22,-0.03309712553072197
2022-04-25,0.019830956920178666
2022-04-26,-0.055974385986110486
2022-04-27,-0.01985295827708189
2022-04-28,0.07423290228477275
2022-04-29,-0.06243059778620352
2022-05-02,0.05316251992014975
2022-05-03,0.0035323942815916887
2022-05-04,0.03734297470869263
2022-05-05,-0.07327630186775069
2022-05-06,-0.008968214665728835
2022-05-09,-0.09236952653744623
2022-05-10,0.03805299636159498
2022-05-11,-0.05484501586319157
2022-05-12,-0.027360204024448387
2022-05-13,0.09465234050129623
2022-05-16,-0.024963297896482328
2022-05-17,0.052884491149870705
2022-05-18,-0.06816308245233893
2022-05-19,0.010981217179312663
2022-05-20,-0.02511091992361736
2022-05-23,0.01221988750656644
2022-05-24,-0.04402866627156288
2022-05-25,0.050823144962396816
2022-05-26,0.05160526461451642
2022-05-27,0.05377853435762603
2022-05-31,-0.0073893095944558285
2022-06-01,-0.018851722074868515
2022-06-02,0.06943235334024567
2022-06-03,-0.044508017647308384
2022-06-06,0.003525762032567714
2022-06-07,0.007452248284118168
2022-06-08,-0.014480469436474852
2022-06-09,-0.032175120621787845
2022-06-10,-0.05950784898711459
2022-06-13,-0.07817849840899604
2022-06-14,0.012079104442789035
2022-06-15,0.04363470775574885
2022-06-16,-0.056029576780209034
2022-06-17,0.017883494255898524
2022-06-21,0.043199080284906266
2022-06-22,-0.012435165893802447
2022-06-23,-0.008251802808979747
2022-06-24,0.055531533373682995
2022-06-27,-0.015006435075307745
2022-06-28,-0.052581562510809254
2022-06-29,-0.027531001742227668
2022-06-30,-0.02464298957551081
2022-07-01,-0.041955349532523445
2022-07-05,0.03036569930623756
2022-07-06,0.011093464361385807
2022-07-07,0.048116267957509784
2022-07-08,-0.001261334552639437
2022-07-11,-0.04331344732825493
2022-07-12,-0.004619816064241777
2022-07-13,0.005436896232384747
2022-07-14,0.01371682641627836
2022-07-15,0.025370716444039543
2022-07-18,0.021507291589543565
2022-07-19,0.05533839182934819
2022-07-20,0.04796370816409001
2022-07-21,0.013646197841690189
2022-07-22,-0.040498485602540324
2022-07-25,-0.017033439803907924
2022-07-26,-0.028841620164639314
2022-07-27,0.07602972236930072
2022-07-28,0.010904982057141632
2022-07-29,0.009953284022306663
2022-08-01,0.015305920356333269
2022-08-02,0.004609335461517539
2022-08-03,0.019809807249645317
2022-08-04,0.017043445274651514
2022-08-05,-0.011761573829520477
2022-08-08,-0.06298382041390638
2022-08-09,-0.0397347849452212
2022-08-10,0.05917134424770398
2022-08-11,-0.008565050952582975
2022-08-12,0.04274886716613002
2022-08-15,0.017264457731139604
2022-08-16,-0.008039131273654077
2022-08-17,-0.028814921602072774
2022-08-18,0.02388854047187583
2022-08-19,-0.04921945393752214
2022-08-22,-0.04566086876674269
2022-08-23,0.008629758116229347
2022-08-24,0.002386380225174234
2022-08-25,0.040122964050931076
2022-08-26,-0.09227932962799368
2022-08-29,-0.028228827698158043
2022-08-30,-0.021074589761964302
2022-08-31,-0.024178751746895433
2022-09-01,-0.07665319157484107
2022-09-02,-0.020807573157438197
2022-09-06,-0.013336694136230953
2022-09-07,0.018795224349528183
2022-09-08,0.020125372707552103
2022-09-09,0.028377433487388526
2022-09-12,0.008201765511912429
2022-09-13,-0.0947258757431384
2022-09-14,-0.0002285119672822411
2022-09-15,-0.015158400804359817
2022-09-16,0.020805902753664007
2022-09-19,0.01394182197175331
2022-09-20,-0.015393986434851792
2022-09-21,0.0064510020302293025
2022-09-22,-0.05278628136354979
2022-09-23,-0.0035824322293807054
2022-09-26,-0.02301068125605643
2022-09-27,0.015129255503112615
2022-09-28,0.02602106185142783
2022-09-29,-0.04051501851581418
2022-09-30,-0.0066284703890334695
2022-10-03,0.03072735381890679
2022-10-04,0.052349675917501504
2022-10-05,0.003189840939373134
2022-10-06,-0.005980792102649235
2022-10-07,-0.08027417012145321
2022-10-10,-0.03362044798180319
2022-10-11,-0.0071978561554078
2022-10-12,-0.007422762915550107
2022-10-13,0.03999997344316353
2022-10-14,-0.06128762612263283
2022-10-17,0.05887595442883886
2022-10-18,0.006645316073027985
2022-10-19,0.007019281491192464
2022-10-20,0.011866227580829891
2022-10-21,0.022306061707489055
2022-10-24,0.01066903816289888
2022-10-25,0.052543835414131435
2022-10-26,-0.027524096798282383
2022-10-27,0.02171204796465309
2022-10-28,0.049939144114293565
2022-10-31,-0.02436021204735017
2022-11-01,0.003408270018707249
2022-11-02,-0.023923769748740553
2022-11-03,0.015280922083619863
2022-11-04,0.05476489144131458
2022-11-07,0.010242865564479509
2022-11-08,0.02104767487675252
2022-11-09,-0.056567641607340735
2022-11-10,0.1432927369981769
2022-11-11,0.036634859446472934
2022-11-14,-0.001959861879073155
2022-11-15,0.022767702561819814
2022-11-16,-0.04536194615360234
2022-11-17,-0.014644786379649943
2022-11-18,-0.017095258383306944
2022-11-21,-0.005970622858777697
2022-11-22,0.047072186091879464
2022-11-23,0.02999117475368296
2022-11-25,-0.015073469087796387
2022-11-28,-0.027227942308939546
2022-11-29,-0.011878553305149087
2022-11-30,0.08237930098132806
2022-12-01,0.01252731227051096
2022-12-02,-0.015115349693921698
2022-12-05,-0.01576191483758871
2022-12-06,-0.03750761015982074
2022-12-07,0.008319342191281276
2022-12-08,0.06507439041679497
2022-12-09,-0.009785212243821562
2022-12-12,0.03141013495493561
2022-12-13,0.030624485954896974
2022-12-14,-0.022022985744297174
2022-12-15,-0.040851058904459614
2022-12-16,-0.022475249263455344
2022-12-19,-0.01912987481396211
2022-12-20,-0.010397391865518468
2022-12-21,0.025862504242477602
2022-12-22,-0.07041990172628931
2022-12-23,-0.00867069540828358
2022-12-27,-0.07135332433045394
2022-12-28,-0.00601958896196797
2022-12-29,0.0403962488638121
2022-12-30,0.000753225461968654
2023-01-03,-0.020459985621662513
2023-01-04,0.030318093147440495
2023-01-05,-0.032815814655892894
2023-01-06,0.04164027753906563
2023-01-09,0.05175328447385019
2023-01-10,0.017980366015482696
2023-01-11,0.005782933858221817
2023-01-12,0.031873135245416684
2023-01-13,0.02349948586928763
2023-01-17,0.04751769231088887
2023-01-18,-0.01835954394357464
2023-01-19,-0.035219084696502256
2023-01-20,0.06406199319196015
2023-01-23,0.07590118228707987
2023-01-24,0.003751385203937918
2023-01-25,0.0030106220470376144
2023-01-26,0.024789072497310105
2023-01-27,0.028431493028256538
2023-01-30,-0.059071904872172176
2023-01-31,0.01956994387281563
2023-02-01,0.07196599270372483
2023-02-02,0.03657549932853321
2023-02-03,-0.02805291586994385
2023-02-06,-0.0005212239588797685
2023-02-07,0.05140106745928619
2023-02-08,0.0014433871264243336
2023-02-09,0.005944393499571765
2023-02-10,-0.04799209874302157
2023-02-13,0.02459453551284896
2023-02-14,0.05429582240224229
2023-02-15,-0.009011429670089277
2023-02-16,-0.03347374812533077
2023-02-17,-0.02790643456636621
2023-02-21,-0.03427174137728228
2023-02-22,0.004793041623164074
2023-02-23,0.1402139853182176
2023-02-24,-0.015973721155906784
2023-02-27,0.009233062011529736
2023-02-28,-0.012127143570033638
2023-03-01,-0.02231219902762971
2023-03-02,0.02713897019289524
2023-03-03,0.024706235180796732
2023-03-06,-0.0140644633003284
2023-03-07,-0.011125312565218981
2023-03-08,0.038345940553695224
2023-03-09,-0.03080927188109661
2023-03-10,-0.020097312162952297
2023-03-13,4.353456248784582e-05
2023-03-14,0.047766235823968994
2023-03-15,0.006856954300482387
2023-03-16,0.05419357561943361
2023-03-17,0.007204188228862485
2023-03-20,0.006802647627243585
2023-03-21,0.011544294559139523
2023-03-22,0.010267608235013714
2023-03-23,0.027316042565309173
2023-03-24,-0.015152086708453583
2023-03-27,-0.009260921721511384
2023-03-28,-0.004560752171440141
2023-03-29,0.021734190211037507
2023-03-30,0.01478649510220409
2023-03-31,0.014388431462085016
2023-04-03,0.00676818058328732
2023-04-04,-0.018308562116674865
2023-04-05,-0.020835404408404257
2023-04-06,0.005803049283843231
2023-04-10,0.020046762644352123
2023-04-11,-0.014866414683155305
2023-04-12,-0.0248075171325286
2023-04-13,-0.001207844270470937
2023-04-14,0.011147569577427463
2023-04-17,0.0091187359174012
2023-04-18,0.02462788199400845
2023-04-19,0.009541967044966126
2023-04-20,-0.029608628672948667
2023-04-21,0.0005534661975081789
2023-04-24,-0.0028394198010808225
2023-04-25,-0.029620532471254846
2023-04-26,0.027247427667209445
2023-04-27,0.010016409761599787
2023-04-28,0.01920949983382969
2023-05-01,0.04183940002708497
2023-05-02,-0.024213131053731574
2023-05-03,-0.014463002423251714
2023-05-04,-0.00863247452191318
2023-05-05,0.040563120388276364
2023-05-08,0.01642261626557273
2023-05-09,-0.019896457658948652
2023-05-10,0.010990322511366779
2023-05-11,-0.010628405000505659
2023-05-12,-0.008328208585925423
2023-05-15,0.021630267034761674
2023-05-16,0.008980125738630385
2023-05-17,0.03303325678066882
2023-05-18,0.04970493822452293
2023-05-19,-0.013068909285011254
2023-05-22,-0.0028146809053496424
2023-05-23,-0.01565310746844273
2023-05-24,-0.00488787997556861
2023-05-25,0.2436961962452282
2023-05-26,0.025434490541378585
2023-05-30,0.02991322988182943
2023-05-31,-0.056767461545685904
2023-06-01,0.05117097955616945
2023-06-02,-0.011139072140068818
2023-06-05,-0.003966764318216742
2023-06-06,-0.013198520695809735
2023-06-07,-0.030401082539190605
2023-06-08,0.027618482185714166
2023-06-09,0.006751469160684254
2023-06-12,0.018364675691134646
2023-06-13,0.039005146794826695
2023-06-14,0.048144863112826064
2023-06-15,-0.008000598032243955
2023-06-16,0.0009144452652840585
2023-06-20,0.026140694911161777
2023-06-21,-0.0174169419382314
2023-06-22,-0.0004645466057747738
2023-06-23,-0.018965800900167862
2023-06-26,-0.037361763680046955
2023-06-27,0.030616386659826356
2023-06-28,-0.018125004920202303
2023-06-29,-0.007174603193457085
2023-06-30,0.036254879745601265
2023-07-03,0.002624019843983305
2023-07-05,-0.0022633528208569897
2023-07-06,-0.005057120088082123
2023-07-07,0.009500544285401924
2023-07-10,-0.007599488062610238
2023-07-11,0.005334210029843245
2023-07-12,0.035302411732813344
2023-07-13,0.04726434193566953
2023-07-14,-0.0110489182717044
2023-07-17,0.021817064743221204
2023-07-18,0.02223370633033217
2023-07-19,-0.008780128145884802
2023-07-20,-0.03307341579112533
2023-07-21,-0.026603670924900902
2023-07-24,0.006838306918838688
2023-07-25,0.023917357752517354
2023-07-26,-0.0049695138820023965
2023-07-27,0.009856635879202269
2023-07-28,0.018518417534700182
2023-07-31,-0.0004490813094422119
2023-08-01,-0.004750851697784442
2023-08-02,-0.04812175080978709
2023-08-03,0.005556951443420166
2023-08-04,0.003706515606533012
2023-08-07,0.016495164973511223
2023-08-08,-0.01657966379620257
2023-08-09,-0.04724164763459959
2023-08-10,-0.0039009209266407385
2023-08-11,-0.03616601342696357
2023-08-14,0.07093391454476539
2023-08-15,0.004273932999252716
2023-08-16,-0.010332312340032734
2023-08-17,-0.0032653870308401167
2023-08-18,-0.0010381780067532098
2023-08-21,0.0847132579281058
2023-08-22,-0.027657790402737303
2023-08-23,0.03170720018576012
2023-08-24,0.0009974981241438474
2023-08-25,-0.024277498921591922
2023-08-28,0.01775396140450103
2023-08-29,0.041614136484622755
2023-08-30,0.009839339324589247
2023-08-31,0.0018471036143896669
2023-09-01,-0.01714105512027142
2023-09-05,0.0008039905922341273
2023-09-06,-0.03054967087199212
2023-09-07,-0.01742417034608701
2023-09-08,-0.014467656153631658
2023-09-11,-0.008645691988892867
2023-09-12,-0.0068174888803359535
2023-09-13,0.013706328792582267
2023-09-14,0.002110516103455362
2023-09-15,-0.03687941476772949
2023-09-18,0.0015034194031207093
2023-09-19,-0.010144162696472225
2023-09-20,-0.02943470836879991
2023-09-21,-0.028930609920796324
2023-09-22,0.014457341997206719
2023-09-25,0.014708067805839997
2023-09-26,-0.00736584681756669
2023-09-27,0.013290055853146798
2023-09-28,0.014622857864841299
2023-09-29,0.009515069274654175
2023-10-02,0.029495019236126074
2023-10-03,-0.02824800227477997
2023-10-04,0.012041259308636088
2023-10-05,0.014690899675794178
2023-10-06,0.024033305580959174
2023-10-09,-0.010685726950443342
2023-10-10,0.011596328390027777
2023-10-11,0.02200969992401225
2023-10-12,0.0029696798691492
2023-10-13,-0.03161155316112285
2023-10-16,0.013946147512956086
2023-10-17,-0.046794695986207224
2023-10-18,-0.0396468714223166
2023-10-19,-0.002251296933363789
2023-10-20,-0.01695921847764026
2023-10-23,0.03836948512167959
2023-10-24,0.016009347628352488
2023-10-25,-0.04314866880807133
2023-10-26,-0.034778248893927444
2023-10-27,0.004314861928808256
2023-10-30,0.016320891058583475
2023-10-31,-0.009256317210889042
2023-11-01,0.037886270087212015
2023-11-02,0.027903137666142275
2023-11-03,0.03445494089991086
2023-11-06,0.016576051038541317
2023-11-07,0.004458871567994072
2023-11-08,0.013469660686172613
2023-11-09,0.0080731697566927
2023-11-10,0.029499559271928488
2023-11-13,0.005896334984773599
2023-11-14,0.021308058542891084
2023-11-15,-0.015466328651324246
2023-11-16,0.012109284985928781
2023-11-17,-0.0036782710164642296
2023-11-20,0.02253638621252585
2023-11-21,-0.009224564074848618
2023-11-22,-0.0245874905421799
2023-11-24,-0.01929546616033584
2023-11-27,0.009753831981207606
2023-11-28,-0.00872691861118391
2023-11-29,0.006670720822840481
2023-11-30,-0.028458594855769515
2023-12-01,-0.00010695970275254041
2023-12-04,-0.026836247149421344
2023-12-05,0.023293597010524136
2023-12-06,-0.022827781644958023
2023-12-07,0.02402036415965858
2023-12-08,0.01952958570948482
2023-12-11,-0.018502976608816835
2023-12-12,0.022090234479367643
2023-12-13,0.00904382712242624
2023-12-14,0.005448336162493517
2023-12-15,0.011168568765766551
2023-12-18,0.024278936128189654
2023-12-19,-0.009445370897368077
2023-12-20,-0.03009848292768369
2023-12-21,0.018270301349786466
2023-12-22,-0.0032660137587845472
2023-12-26,0.009195266234467203
2023-12-27,0.002800336855435459
2023-12-28,0.0021247880847343747
2023-12-29,0.0
2024-01-02,-0.02734138890888349
2024-01-03,-0.01243563465638553
2024-01-04,0.009018470194965822
2024-01-05,0.022896759998746186
2024-01-08,0.06428094123643735
2024-01-09,0.01697518786365171
2024-01-10,0.022769912876677623
2024-01-11,0.00868446947907997
2024-01-12,-0.002042951072830479
2024-01-16,0.030561181605008647
2024-01-17,-0.005835213594085009
2024-01-18,0.018803603456842843
2024-01-19,0.04174617025360905
2024-01-22,0.0027399444398159556
2024-01-23,0.0036711420445167953
2024-01-24,0.024869274875697567
2024-01-25,0.004155642679784188
2024-01-26,-0.009510290142849986
2024-01-29,0.023496302074738518
2024-01-30,0.004946751866806709
2024-01-31,-0.019864921760217702
2024-02-01,0.024379592645358716
2024-02-02,0.04970878938897094
2024-02-05,0.047944367572869684
2024-02-06,-0.01599549671612077
2024-02-07,0.02749802006453894
2024-02-08,-0.0065335995592661344
2024-02-09,0.03578359545239973
2024-02-12,0.0015942165479170267
2024-02-13,-0.0016608714848413975
2024-02-14,0.02456736107902424
2024-02-15,-0.016806434646204127
2024-02-16,-0.0006193857403843372
2024-02-20,-0.043532153879725866
2024-02-21,-0.02850898740271335
2024-02-22,0.16400884269745153
2024-02-23,0.0035524038043805994
2024-02-26,0.0034891039266475854
2024-02-27,-0.004943576564739871
2024-02-28,-0.013189163415160188
2024-02-29,0.018657531384913106
2024-03-01,0.04003185840216372
2024-03-04,0.03595085118582331
2024-03-05,0.008576487290161028
2024-03-06,0.03182725895182048
2024-03-07,0.04474633871635425
2024-03-08,-0.055476991236648066
2024-03-11,-0.02003934566699772
2024-03-12,0.07157182286867947
2024-03-13,-0.011151850059890944
2024-03-14,-0.03239151734359269
2024-03-15,-0.0012166916688441942
2024-03-18,0.0070357511187033595
2024-03-19,0.010660779838242762
2024-03-20,0.010895087638615797
2024-03-21,0.011762498591839199
2024-03-22,0.031213473860718155
2024-03-25,0.007561862753919346
2024-03-26,-0.025694231361284015
2024-03-27,-0.024967303418604425
